Gene,B_Cells,CAF1A,CAF1B,CAF2A,CAF2B,CD4_T_Cells,CD8_T_Cells,Endothelial,Epithelial_Basal,Epithelial_Basal_Cycling,Epithelial_Luminal_Mature,Myeloid,Myoepithelial,Plasma_Cells,T_Cells_Cycling,T_Regs
ABCA1,0.0012,0.0311,0.0394,0.0032,0.0058,0.0001,0.0001,0.0037,0.0004,0.0129,0.0018,0.3499,0.0039,0.0005,0.0,0.0001
ACKR2,0.0,0.0007,0.0002,0.0,0.0,0.0,0.0,0.0,0.013,0.0123,0.0004,0.0001,0.0,0.0003,0.0001,0.0
ACKR3,0.0,0.0031,0.0002,0.0165,0.0,0.0,0.0,0.0522,0.0,0.0,0.0,0.0002,0.0,0.0,0.0,0.0
ACKR4,0.0,0.0182,0.03,0.0,0.0021,0.0,0.0,0.0004,0.0,0.0011,0.0001,0.0,0.0001,0.0,0.0,0.0
ACVR1,0.0001,0.0184,0.0392,0.0045,0.0053,0.0003,0.0001,0.002,0.0015,0.0054,0.0019,0.0014,0.0078,0.0003,0.0006,0.001
ACVR1B,0.0001,0.0036,0.0039,0.0051,0.0126,0.0003,0.0005,0.0008,0.0022,0.0047,0.0076,0.0047,0.0023,0.0,0.0005,0.0
ACVR1C,0.0001,0.0001,0.0,0.0014,0.0,0.0007,0.0001,0.0,0.0002,0.0002,0.0006,0.0001,0.0,0.0022,0.0002,0.0
ACVR2A,0.0,0.013,0.0457,0.0011,0.0077,0.0009,0.0,0.0019,0.0005,0.0011,0.0014,0.0006,0.009,0.0001,0.0,0.0
ACVR2B,0.0001,0.0009,0.0045,0.0013,0.0028,0.0,0.0,0.0012,0.0011,0.0005,0.0046,0.0003,0.0014,0.0001,0.0001,0.0
ACVRL1,0.0,0.022,0.0357,0.0022,0.045,0.0,0.0,0.178,0.0,0.0,0.0,0.0033,0.0,0.0,0.0,0.0
ADCY1,0.0,0.0005,0.0013,0.0117,0.0145,0.0,0.0,0.0028,0.0,0.0001,0.0109,0.0,0.0024,0.0,0.0,0.0
ADCY7,0.0028,0.001,0.0001,0.0001,0.0,0.0049,0.0119,0.0,0.0009,0.0057,0.0,0.069,0.0,0.0013,0.0168,0.0062
ADCY8,0.0,0.0,0.0,0.0,0.0,0.0,0.0,0.0,0.0,0.0,0.0,0.0,0.0,0.0,0.0,0.0
ADCY9,0.0,0.0015,0.0038,0.0034,0.0008,0.0001,0.0,0.0025,0.0008,0.0004,0.0007,0.0003,0.001,0.0001,0.0003,0.0
ADCYAP1R1,0.0,0.0002,0.0188,0.0013,0.0189,0.0,0.0,0.0001,0.0,0.0,0.0,0.0,0.0,0.0,0.0,0.0
ADIPOR1,0.0061,0.0152,0.0078,0.0096,0.0093,0.0093,0.0154,0.0209,0.0598,0.0975,0.0323,0.075,0.0201,0.0274,0.0516,0.0193
ADIPOR2,0.001,0.0045,0.0045,0.0033,0.0016,0.0023,0.0053,0.0208,0.0094,0.0228,0.0271,0.0083,0.0055,0.0011,0.0104,0.0048
ADORA1,0.0,0.0012,0.0003,0.0029,0.0,0.0,0.0,0.0,0.0144,0.0056,0.0005,0.0,0.0001,0.0,0.0,0.0
ADORA2B,0.0,0.0018,0.0,0.0011,0.0007,0.0,0.0,0.0,0.0021,0.0676,0.0,0.0006,0.0952,0.0,0.0,0.0
ADRA2A,0.0,0.0055,0.0001,0.1112,0.0806,0.0,0.0,0.0,0.0,0.0,0.0113,0.0,0.0,0.0,0.0,0.0
ADRA2B,0.0,0.0,0.0,0.0037,0.0011,0.0,0.0001,0.0002,0.0,0.0,0.0,0.013,0.0017,0.0,0.0008,0.0
ADRB2,0.0034,0.0001,0.0,0.0,0.0,0.0024,0.0124,0.068,0.0005,0.0003,0.0023,0.0039,0.018,0.0016,0.0042,0.0002
ADRB3,0.0,0.0,0.0,0.0,0.0062,0.0,0.0,0.0,0.0,0.0,0.0,0.0003,0.0,0.0,0.0,0.0
AGR2,0.0,0.0,0.0,0.0,0.0001,0.0,0.0,0.0,0.0111,0.0036,1.82,0.0,0.0014,0.0001,0.0,0.0001
AGTR1,0.0,0.0039,0.0107,0.0012,0.092,0.0,0.0,0.0,0.0,0.0013,0.0547,0.0,0.0,0.0,0.0,0.0
AGTR2,0.0,0.0,0.0019,0.0,0.0,0.0,0.0,0.0,0.0,0.0,0.0,0.0,0.0,0.0,0.0,0.0
ALK,0.0,0.0,0.0,0.0,0.0,0.0,0.0,0.0,0.0011,0.0001,0.0,0.0001,0.003,0.0,0.0,0.0
AMFR,0.0054,0.0037,0.0112,0.0044,0.0018,0.0005,0.0003,0.0053,0.0058,0.0105,0.0676,0.0045,0.0036,0.0004,0.0008,0.0003
AMHR2,0.0,0.0,0.0,0.0,0.0,0.0,0.0,0.0,0.0,0.0,0.0,0.0007,0.0,0.0,0.0,0.0
APCDD1,0.0,0.0057,0.0131,0.0116,0.007,0.0,0.0,0.0173,0.0012,0.0007,0.0,0.0,0.0017,0.0001,0.0,0.0
APLNR,0.0,0.0002,0.0,0.002,0.001,0.0,0.0,0.4929,0.0,0.0,0.0,0.0,0.0,0.0,0.0,0.0
APLP2,0.0127,0.0248,0.0596,0.0514,0.0239,0.0008,0.0018,0.0799,0.0342,0.1325,0.1206,0.1518,0.0808,0.0004,0.0048,0.0047
AQP1,0.0,0.0032,0.0074,0.0034,0.0,0.0,0.0,1.3341,0.002,0.0008,0.0,0.0,0.0055,0.0,0.0,0.0
ART1,0.0,0.0,0.0,0.0,0.0,0.0,0.0,0.0,0.0,0.0,0.0,0.0,0.0,0.0,0.0,0.0
ASGR1,0.0,0.0,0.001,0.0002,0.0,0.0,0.0,0.014,0.0,0.0004,0.0002,0.1538,0.0001,0.0,0.0,0.0
ASGR2,0.0,0.0008,0.0003,0.0,0.0,0.0,0.0,0.0,0.0,0.0,0.0,0.0401,0.0,0.0,0.0,0.0
ASIC3,0.0,0.0,0.0014,0.0,0.0,0.0001,0.0,0.0,0.0004,0.0004,0.0,0.0001,0.0,0.0,0.0002,0.0
ATP1A3,0.0,0.0,0.0,0.0,0.0,0.0001,0.0072,0.0,0.0001,0.0008,0.0,0.0,0.0,0.0,0.0084,0.0046
ATP6AP2,0.0073,0.0459,0.1159,0.032,0.0574,0.0212,0.0162,0.0278,0.0167,0.0273,0.07,0.0766,0.0429,0.0023,0.0232,0.0179
ATRN,0.0001,0.0046,0.0032,0.0021,0.0024,0.0004,0.0006,0.0053,0.0013,0.0035,0.0072,0.0091,0.012,0.0008,0.0011,0.0006
AVPR1A,0.0,0.0,0.0001,0.1474,0.1648,0.0,0.0,0.0001,0.0,0.0,0.0,0.0,0.0,0.0,0.0,0.0
AVPR1B,0.0,0.0,0.0,0.0,0.0,0.0,0.0003,0.0,0.0,0.0,0.0,0.0,0.0,0.0,0.0,0.0
AVPR2,0.0,0.0,0.0,0.0,0.0,0.0,0.0,0.2298,0.0,0.0,0.0,0.0,0.0,0.0,0.0,0.0
AXL,0.0,0.0387,0.0944,0.1074,0.0635,0.0,0.0,0.0,0.0001,0.0115,0.0,0.0162,0.0035,0.0,0.0,0.0
BAI2,0.0,0.0,0.0,0.0,0.0,0.0,0.0,0.0,0.0,0.0,0.0,0.0,0.0,0.0,0.0,0.0
BAMBI,0.0004,0.0011,0.0002,0.0001,0.0025,0.0002,0.0003,0.0005,0.0751,0.0599,0.2728,0.0001,0.0115,0.0005,0.0001,0.0004
BCAM,0.0,0.0002,0.0004,0.1796,0.0274,0.0,0.0,0.2629,0.0122,0.0164,0.3201,0.0001,0.3386,0.0001,0.0,0.0001
BDKRB1,0.0,0.0191,0.0065,0.0,0.0,0.0,0.0,0.0014,0.0,0.0007,0.0,0.0,0.0001,0.0,0.0,0.0
BDKRB2,0.0,0.0034,0.1514,0.0,0.0,0.0,0.0,0.0175,0.0001,0.0004,0.0,0.0,0.0002,0.0,0.0,0.0
BMPR1A,0.0002,0.0088,0.017,0.005,0.0073,0.0004,0.0006,0.0001,0.0022,0.0129,0.0023,0.0001,0.007,0.0001,0.0012,0.0001
BMPR1B,0.0,0.0028,0.0,0.0,0.0,0.0,0.0,0.0,0.0018,0.0088,0.0,0.0,0.0021,0.0,0.0,0.0
BMPR2,0.0017,0.0342,0.0088,0.0036,0.0115,0.0002,0.0006,0.1345,0.0038,0.0076,0.0125,0.0078,0.0146,0.0002,0.0004,0.0015
BOC,0.0,0.0258,0.2271,0.0003,0.0014,0.0,0.0,0.0021,0.0059,0.0102,0.0,0.0,0.0158,0.0,0.0,0.0
BRS3,0.0,0.0,0.0,0.0,0.0,0.0,0.0,0.0,0.0,0.0,0.0,0.0,0.0,0.0,0.0,0.0
C14orf1,0.003,0.0049,0.0112,0.0075,0.0041,0.0058,0.0094,0.0131,0.0726,0.0947,0.05,0.0015,0.016,0.0026,0.0407,0.0129
C3AR1,0.0,0.0001,0.0,0.0,0.0,0.0014,0.0016,0.0,0.0,0.0003,0.0,0.3455,0.0,0.0,0.002,0.0088
C5AR1,0.0,0.0001,0.0,0.0,0.0,0.0,0.0001,0.0002,0.0,0.0011,0.0,0.9668,0.0,0.0001,0.0002,0.0
C5AR2,0.0,0.0006,0.0,0.0,0.0,0.0,0.0,0.0,0.0,0.0012,0.0102,0.0498,0.0,0.0,0.0,0.0
CACHD1,0.0,0.0013,0.0132,0.0,0.0006,0.0,0.0,0.0259,0.0043,0.0017,0.0,0.0,0.0014,0.0,0.0,0.0
CACNA1C,0.0,0.0045,0.0031,0.045,0.0275,0.0,0.0,0.0029,0.0018,0.0008,0.0,0.0,0.0071,0.0,0.0,0.0
CALCR,0.0,0.0,0.0,0.0,0.0,0.0,0.0,0.0,0.0,0.0,0.0012,0.0015,0.0,0.0,0.0,0.0
CALCRL,0.0,0.0004,0.0184,0.0017,0.0159,0.0,0.0,0.5703,0.0,0.0003,0.0,0.0002,0.0001,0.0001,0.0,0.0
CANX,0.0045,0.0793,0.0355,0.0267,0.0351,0.0075,0.0139,0.0578,0.0672,0.1391,0.0884,0.0817,0.0288,0.0231,0.026,0.0108
CATSPER1,0.0,0.0,0.0,0.0,0.0,0.0,0.0007,0.0,0.0,0.0004,0.0,0.0532,0.0,0.0,0.0002,0.0001
CAV1,0.0002,0.0631,0.029,0.3687,0.4126,0.0,0.0001,0.4384,0.0263,0.1663,0.0,0.0005,0.1565,0.0109,0.0002,0.0001
CCKAR,0.0,0.0,0.0,0.0,0.0,0.0,0.0,0.0,0.0,0.0,0.0,0.0,0.0,0.0,0.0,0.0
CCKBR,0.0,0.0002,0.0,0.0,0.0,0.0,0.0,0.0,0.0001,0.0018,0.0,0.0,0.0,0.0,0.0,0.0
CCR1,0.003,0.0005,0.0,0.0,0.0,0.0,0.004,0.0,0.0,0.0004,0.0,0.1919,0.0,0.0007,0.0187,0.0027
CCR10,0.0,0.0074,0.0047,0.0088,0.0427,0.0006,0.0,0.0004,0.0,0.0,0.0,0.0001,0.0006,0.0184,0.0,0.0001
CCR2,0.0008,0.0,0.0,0.0,0.0,0.0015,0.0044,0.0,0.0,0.0,0.0,0.0097,0.0,0.0276,0.0031,0.0093
CCR3,0.0002,0.0,0.0,0.0,0.0,0.0,0.0,0.0,0.0,0.0,0.0008,0.0002,0.0,0.0,0.0002,0.0002
CCR4,0.0,0.0,0.0,0.0001,0.0,0.0199,0.006,0.0,0.0,0.0,0.0,0.0,0.0,0.0,0.0206,0.1158
CCR5,0.0001,0.0,0.0,0.0,0.0,0.0008,0.0301,0.0,0.0,0.0,0.0,0.0118,0.0,0.0001,0.045,0.0228
CCR6,0.0803,0.0,0.0,0.0,0.0,0.0268,0.0041,0.0,0.0,0.0,0.0134,0.0001,0.0,0.0001,0.0042,0.0595
CCR7,0.1881,0.0,0.0,0.0003,0.0001,0.5869,0.0271,0.0001,0.0001,0.0,0.0,0.0005,0.0002,0.0007,0.0089,0.0317
CCR8,0.0,0.0,0.0,0.0,0.0,0.0005,0.0,0.0,0.0,0.0,0.0,0.0,0.0,0.0,0.0128,0.238
CCR9,0.0,0.0,0.0,0.0,0.0,0.0,0.0002,0.0,0.0,0.0,0.0,0.0,0.0,0.0004,0.0,0.0
CCRL2,0.0001,0.0,0.0,0.0,0.0004,0.0,0.005,0.012,0.0,0.0003,0.0,0.1218,0.0,0.0002,0.006,0.006
CD109,0.0,0.0092,0.004,0.0014,0.004,0.0,0.0006,0.0481,0.0016,0.0245,0.0011,0.0042,0.0014,0.0,0.0097,0.0008
CD151,0.0003,0.1054,0.0308,0.1765,0.1332,0.0004,0.0022,0.1092,0.0495,0.1291,0.1211,0.0221,0.1848,0.0017,0.0113,0.0026
CD177,0.0,0.0,0.0,0.0,0.0,0.0001,0.0,0.0003,0.0,0.0,0.0,0.0,0.0,0.0,0.0005,0.0445
CD180,0.0549,0.0,0.0,0.0,0.0,0.0,0.0,0.0,0.0002,0.0023,0.0,0.0333,0.0007,0.0053,0.0003,0.0
CD19,0.4741,0.0,0.0,0.0,0.0,0.0,0.0,0.0,0.0,0.0,0.0,0.0001,0.0,0.008,0.0001,0.0
CD1A,0.0042,0.0,0.0,0.0,0.0,0.0001,0.0001,0.0,0.0,0.0,0.0,0.0128,0.0,0.0,0.0001,0.0
CD1B,0.0,0.0,0.0,0.0,0.0,0.0002,0.0,0.0002,0.0,0.0,0.0,0.0172,0.0,0.0,0.0,0.0001
CD247,0.0003,0.0,0.0,0.0,0.0,0.1717,0.2018,0.0,0.0,0.0,0.0001,0.0,0.0,0.0001,0.205,0.2413
CD27,0.0192,0.0,0.0,0.0,0.0,0.1383,0.1796,0.0,0.0,0.0,0.0,0.0001,0.0001,0.0693,0.1409,0.3911
CD28,0.0,0.0,0.0,0.0,0.0,0.0491,0.0208,0.0,0.0,0.0,0.0,0.0024,0.0,0.0002,0.0376,0.1404
CD36,0.0,0.0006,0.0,0.0092,0.5612,0.0,0.0,0.3403,0.0001,0.0,0.0002,0.0162,0.0002,0.0002,0.0,0.0
CD3D,0.0002,0.0,0.0,0.0,0.0,0.3987,0.4131,0.0,0.0,0.0,0.0,0.0001,0.0,0.0002,0.3437,0.4962
CD3G,0.0002,0.0,0.0,0.0,0.0,0.2949,0.2729,0.0,0.0,0.0,0.0,0.0001,0.0,0.0001,0.2229,0.2533
CD4,0.0,0.0,0.0001,0.0033,0.0154,0.0383,0.003,0.0,0.0,0.0009,0.0018,0.3027,0.0002,0.0018,0.0167,0.1086
CD40,0.1274,0.0208,0.0118,0.0069,0.0247,0.0001,0.0001,0.0733,0.0001,0.0001,0.0001,0.0362,0.0061,0.0023,0.0003,0.0005
CD44,0.0329,0.0595,0.0575,0.0327,0.0684,0.0739,0.0924,0.0003,0.0419,0.0921,0.0428,0.0874,0.0377,0.0133,0.0683,0.0967
CD46,0.0052,0.0136,0.0068,0.0207,0.0075,0.0084,0.0095,0.0431,0.0464,0.0621,0.0638,0.0158,0.0252,0.0042,0.0138,0.0071
CD47,0.0481,0.0207,0.0371,0.0055,0.0088,0.028,0.0271,0.0134,0.0263,0.0983,0.0364,0.0419,0.0536,0.0068,0.0456,0.0235
CD48,0.2219,0.0,0.0,0.0,0.0,0.2252,0.1649,0.0,0.0,0.0,0.0,0.0602,0.0001,0.0007,0.0675,0.084
CD5,0.0001,0.0,0.0,0.0,0.0,0.1785,0.0529,0.0,0.0,0.0,0.0,0.0001,0.0002,0.0,0.1158,0.1662
CD53,0.2247,0.0001,0.0,0.0,0.0001,0.1134,0.1424,0.0001,0.0,0.0002,0.0,0.135,0.0001,0.0061,0.1516,0.1467
CD63,0.0036,0.2815,0.3407,0.194,0.2963,0.003,0.0301,0.1299,0.0467,0.1111,0.177,0.168,0.1266,0.0213,0.0345,0.0073
CD72,0.2066,0.0,0.0,0.0,0.0,0.0001,0.0018,0.0,0.0001,0.0001,0.0001,0.0706,0.0001,0.0001,0.0033,0.0001
CD74,0.6279,0.0219,0.0039,0.0022,0.0035,0.1069,0.2313,0.2694,0.0523,0.0531,0.0201,0.682,0.162,0.1863,0.389,0.2911
CD79A,1.2025,0.0,0.0,0.0003,0.0,0.0004,0.0006,0.0,0.0001,0.0,0.0,0.0,0.0001,0.4534,0.0046,0.0128
CD81,0.0039,0.0468,0.1679,0.0435,0.062,0.0004,0.0016,0.0941,0.0034,0.0137,0.0258,0.1002,0.0162,0.0006,0.0025,0.0005
CD82,0.0376,0.0203,0.0005,0.0041,0.0007,0.0645,0.0707,0.0006,0.0538,0.1531,0.0101,0.0084,0.0231,0.0016,0.1336,0.1596
CD9,0.0015,0.0195,0.0002,0.0586,0.0323,0.0005,0.0026,0.0749,0.1937,0.1868,0.3078,0.0165,0.2101,0.0022,0.0036,0.0004
CD93,0.0,0.0,0.0,0.0004,0.0002,0.0,0.0,0.5881,0.0,0.0011,0.0,0.3211,0.0,0.0,0.0001,0.0
CD97,0.0,0.0,0.0,0.0,0.0,0.0,0.0,0.0,0.0,0.0,0.0,0.0,0.0,0.0,0.0,0.0
CDH10,0.0,0.0005,0.0,0.0,0.0,0.0,0.0,0.0,0.0005,0.0079,0.0,0.0,0.0007,0.0,0.0,0.0
CDH19,0.0,0.0,0.0,0.0007,0.0,0.0,0.0,0.0,0.0196,0.0276,0.0,0.0,0.0,0.0,0.0,0.0
CDH2,0.0,0.0132,0.0012,0.0,0.0,0.0,0.0,0.0002,0.0001,0.0071,0.0202,0.0,0.0,0.0,0.0,0.0
CDH5,0.0,0.0,0.0,0.0,0.0,0.0,0.0,0.8385,0.0,0.0,0.0,0.0,0.0002,0.0,0.0,0.0
CDH6,0.0,0.0,0.0,0.1288,0.1731,0.0,0.0,0.0001,0.0,0.0,0.0,0.0,0.0002,0.0,0.0,0.0
CDH7,0.0,0.0,0.0,0.0,0.0,0.0,0.0,0.0,0.0023,0.0,0.0,0.0,0.0,0.0,0.0,0.0
CDON,0.0,0.0015,0.0584,0.0,0.0008,0.0,0.0,0.0007,0.0012,0.0011,0.0017,0.0,0.0,0.0001,0.0,0.0001
CELSR1,0.0003,0.0007,0.0,0.0,0.0,0.0,0.0,0.004,0.0008,0.0033,0.101,0.0001,0.0022,0.0,0.0,0.0
CFTR,0.0,0.0,0.0,0.0,0.0,0.0,0.0,0.0,0.0004,0.0,0.0,0.0,0.0,0.0,0.0,0.0
CHRM1,0.0,0.0,0.0,0.0,0.0,0.0,0.0,0.0,0.0043,0.0,0.005,0.0,0.0,0.0001,0.0,0.0
CHRM3,0.0,0.0005,0.0,0.0,0.0,0.0,0.0,0.0018,0.0225,0.0508,0.0001,0.0,0.0,0.0,0.0,0.0001
CHRNA4,0.0,0.0,0.0,0.0,0.0,0.0,0.0,0.0,0.0003,0.0,0.0,0.0,0.0,0.0,0.0,0.0
CLDN2,0.0,0.0,0.0,0.0,0.0,0.0,0.0,0.0,0.0006,0.0,0.0,0.0,0.0,0.0,0.0,0.0
CLDN4,0.0014,0.0015,0.0003,0.0007,0.0004,0.0024,0.0008,0.0005,0.3213,0.1793,1.0418,0.0004,0.0189,0.0035,0.0004,0.0021
CLEC10A,0.0,0.0,0.0,0.0,0.0,0.0,0.0,0.0,0.0,0.0002,0.0,0.3827,0.0,0.0,0.0,0.0
CLEC2B,0.0218,0.0588,0.0663,0.0028,0.0098,0.0238,0.1668,0.0809,0.0002,0.0008,0.0,0.0709,0.0003,0.006,0.1277,0.0112
CLEC4M,0.0,0.0,0.0,0.0,0.0,0.0,0.0,0.0,0.0001,0.0,0.0,0.0,0.0,0.0,0.0,0.0
CMKLR1,0.0,0.0049,0.0022,0.0022,0.0,0.0,0.0,0.002,0.0,0.0005,0.0,0.17,0.0,0.0004,0.0001,0.0
CNR1,0.0052,0.0,0.0,0.0063,0.0021,0.0,0.0,0.0011,0.0,0.0,0.0,0.0,0.0002,0.0,0.0,0.0
CNTFR,0.0,0.0001,0.1299,0.0,0.0,0.0,0.0,0.0,0.0,0.0,0.0,0.0,0.0011,0.0,0.0,0.0
CNTN1,0.0,0.0086,0.1919,0.0001,0.0,0.0,0.0,0.0,0.0001,0.0001,0.0,0.0,0.0,0.0,0.0,0.0
CNTNAP1,0.0,0.001,0.001,0.002,0.0452,0.0,0.0,0.0,0.0,0.0005,0.0,0.0,0.0,0.0001,0.0,0.0
CNTNAP2,0.0072,0.0,0.0,0.0,0.0003,0.0,0.0,0.0,0.02,0.0524,0.0,0.0,0.0,0.0008,0.0,0.0
COL13A1,0.0,0.009,0.0002,0.0079,0.005,0.0,0.0,0.0047,0.0003,0.0004,0.0,0.0,0.0143,0.0,0.0,0.0
COL17A1,0.0,0.0,0.0,0.0,0.0,0.0,0.0,0.0001,0.0,0.0,0.0,0.0,0.7691,0.0,0.0,0.0
CR1,0.0109,0.0,0.0,0.0,0.0,0.0,0.0,0.0,0.0,0.0005,0.0,0.194,0.0,0.0,0.0,0.0
CRHR1,0.0007,0.0008,0.0013,0.0,0.0,0.0082,0.0047,0.0003,0.0011,0.0008,0.0031,0.0001,0.0098,0.0003,0.0019,0.0038
CRHR2,0.0,0.0,0.0,0.0033,0.01,0.0,0.0,0.0001,0.0,0.0,0.0,0.0,0.0,0.0,0.0,0.0
CRLF1,0.0003,0.0008,0.0038,0.0011,0.0,0.0,0.0,0.0,0.0009,0.0025,0.0,0.0,0.022,0.0,0.0,0.0
CSF1R,0.0,0.0,0.0,0.0,0.0002,0.0,0.0,0.0,0.0,0.0018,0.0,0.9917,0.0,0.0001,0.0001,0.0
CSF2RA,0.0,0.0,0.0,0.0,0.0,0.0,0.0,0.0001,0.0001,0.0004,0.0,0.2812,0.0,0.0015,0.0,0.0001
CSF2RB,0.0008,0.0001,0.0,0.0,0.0,0.0,0.0,0.0497,0.0,0.0001,0.0,0.082,0.0001,0.0069,0.0,0.0006
CSF3R,0.0,0.0,0.0,0.0,0.0,0.0,0.0,0.0,0.0001,0.0007,0.0204,0.273,0.0,0.0,0.0001,0.0
CSPG4,0.0,0.0015,0.0011,0.0651,0.1002,0.0,0.0,0.0,0.0,0.0126,0.0,0.0,0.0045,0.0,0.0,0.0
CX3CR1,0.0,0.0,0.0,0.0003,0.0,0.0,0.0049,0.0,0.0,0.0001,0.0,0.0663,0.0,0.0,0.0004,0.0003
CXCR1,0.0001,0.0,0.0,0.0,0.0,0.0002,0.0002,0.0003,0.0,0.0,0.0,0.0034,0.0,0.0,0.0,0.0001
CXCR2,0.0,0.0,0.0,0.0,0.0,0.0,0.0005,0.0001,0.0,0.0,0.0,0.0221,0.0005,0.0,0.0,0.0
CXCR3,0.0048,0.0,0.0,0.0,0.0,0.0978,0.1182,0.0,0.0,0.0,0.0,0.0001,0.0,0.0123,0.2535,0.2523
CXCR4,0.636,0.0001,0.0002,0.0,0.0005,0.3673,0.3859,0.0009,0.0027,0.0022,0.0009,0.0297,0.0011,0.0128,0.1559,0.1656
CXCR5,0.1355,0.0,0.0,0.0,0.0,0.0127,0.0022,0.0,0.0,0.0,0.0,0.0,0.0,0.0,0.0005,0.0013
CXCR6,0.0003,0.0,0.0,0.0,0.0,0.0054,0.253,0.0,0.0,0.0,0.0,0.0,0.0,0.0,0.102,0.1912
DARC,0.0,0.0,0.0,0.0,0.0,0.0,0.0,0.0,0.0,0.0,0.0,0.0,0.0,0.0,0.0,0.0
DCBLD2,0.0,0.0394,0.0133,0.0093,0.0276,0.0,0.0,0.0004,0.0078,0.1287,0.0071,0.0001,0.0165,0.0,0.0,0.0
DCC,0.0,0.0,0.0001,0.0,0.0,0.0,0.0,0.0006,0.0,0.0,0.0,0.0,0.0,0.0037,0.0,0.0
DCHS1,0.0,0.0162,0.0473,0.0,0.0,0.0001,0.0,0.0777,0.0,0.0001,0.0,0.0007,0.0034,0.0,0.0,0.0
DDR1,0.0002,0.0006,0.0003,0.0015,0.0005,0.0,0.0,0.0001,0.0255,0.0287,0.1503,0.0003,0.0663,0.0001,0.0,0.0
DDR2,0.0,0.1207,0.0325,0.0533,0.0786,0.0,0.0,0.0008,0.0018,0.0277,0.0001,0.0,0.009,0.0001,0.0,0.0
DPP4,0.0,0.0134,0.0067,0.0002,0.0,0.0118,0.0036,0.0019,0.0026,0.0067,0.0,0.0001,0.0,0.0002,0.0057,0.002
DRD2,0.0,0.0,0.0,0.0,0.0,0.0,0.0,0.0,0.0,0.0006,0.0,0.0,0.0114,0.0,0.0,0.0
DRD4,0.0,0.0032,0.0001,0.0,0.0,0.0,0.0,0.0,0.0,0.0,0.0,0.0001,0.0,0.0082,0.0,0.0
DYSF,0.0,0.0,0.0,0.0012,0.0002,0.0,0.0,0.1289,0.0002,0.0011,0.0,0.0525,0.0001,0.0,0.0001,0.0
EDA2R,0.0001,0.0089,0.0174,0.0006,0.002,0.0,0.0,0.0013,0.0,0.0012,0.0009,0.0001,0.0031,0.0,0.0,0.0
EDAR,0.0,0.0,0.0,0.0,0.0,0.0022,0.0001,0.0,0.0,0.0,0.0,0.0,0.0006,0.0,0.0,0.0
EDNRA,0.0,0.0631,0.0013,0.1955,0.2475,0.0,0.0,0.0002,0.0001,0.0004,0.0,0.0,0.0025,0.0,0.0,0.0
EDNRB,0.0,0.0047,0.2325,0.0351,0.1183,0.0,0.0,0.0471,0.0,0.0002,0.0,0.0011,0.0001,0.0,0.0,0.0
EGFR,0.0,0.0169,0.0785,0.0022,0.0076,0.0,0.0,0.0001,0.0277,0.0632,0.0002,0.0,0.0694,0.0,0.0001,0.0
ELTD1,0.0,0.0,0.0,0.0,0.0,0.0,0.0,0.0,0.0,0.0,0.0,0.0,0.0,0.0,0.0,0.0
EMR2,0.0,0.0,0.0,0.0,0.0,0.0,0.0,0.0,0.0,0.0,0.0,0.0,0.0,0.0,0.0,0.0
ENG,0.0003,0.0384,0.0239,0.0017,0.0183,0.0004,0.001,0.7336,0.0002,0.0104,0.0005,0.0745,0.0061,0.0,0.0005,0.0003
EPHA1,0.0,0.0,0.0,0.0,0.0,0.0164,0.0123,0.0,0.0012,0.001,0.0042,0.0,0.0154,0.0,0.003,0.0001
EPHA2,0.0,0.0003,0.0005,0.0024,0.0166,0.0,0.0,0.0118,0.0029,0.017,0.0106,0.0002,0.0096,0.0003,0.0,0.0
EPHA3,0.0,0.0006,0.0001,0.0095,0.0435,0.0,0.0,0.0,0.0,0.0,0.0,0.0,0.0,0.0,0.0,0.0
EPHA4,0.0004,0.0004,0.0022,0.0008,0.0004,0.0056,0.0035,0.0929,0.0004,0.0005,0.0002,0.0,0.005,0.0,0.0007,0.0001
EPHA5,0.0,0.0002,0.0005,0.0,0.0007,0.0,0.0,0.0,0.0,0.0063,0.0,0.0,0.0002,0.0,0.0,0.0
EPHA6,0.0,0.0,0.0,0.0,0.0,0.0,0.0,0.0,0.0,0.0,0.0,0.0004,0.0,0.0,0.0,0.0
EPHA7,0.0,0.0,0.0,0.0,0.0,0.0001,0.0,0.0056,0.002,0.0026,0.0001,0.0,0.0001,0.0,0.0,0.0
EPHA8,0.0,0.0,0.0,0.0,0.0,0.0,0.0,0.0,0.0003,0.0,0.0,0.0,0.0,0.0,0.0,0.0
EPHB1,0.0,0.0,0.0,0.0012,0.0,0.0,0.0,0.0043,0.0004,0.0001,0.0,0.0001,0.0433,0.0018,0.0,0.0001
EPHB2,0.0,0.0054,0.0019,0.0,0.0,0.0,0.0,0.0,0.0019,0.06,0.0,0.0331,0.001,0.0,0.0,0.0
EPHB3,0.0,0.0077,0.0057,0.0,0.0003,0.0,0.0,0.0,0.0098,0.0126,0.004,0.0006,0.0107,0.0001,0.0,0.0
EPHB4,0.0,0.0004,0.0011,0.0002,0.0013,0.0,0.0,0.0878,0.0168,0.0412,0.0123,0.0,0.0035,0.0,0.0,0.0
EPHB6,0.0028,0.0007,0.0026,0.0083,0.0013,0.0095,0.0027,0.0001,0.0029,0.0041,0.0005,0.0013,0.009,0.0001,0.0051,0.0087
EPOR,0.0022,0.0004,0.0032,0.0069,0.0061,0.0041,0.007,0.0029,0.0003,0.0061,0.0005,0.0054,0.0014,0.0007,0.0093,0.0036
ERBB2,0.0,0.0025,0.0043,0.0003,0.0003,0.0,0.0001,0.0001,0.0123,0.0163,0.2008,0.0,0.0078,0.0001,0.0,0.0
ERBB3,0.0,0.0001,0.0042,0.0,0.0001,0.0,0.0,0.0,0.0241,0.0136,0.4253,0.0,0.0002,0.0001,0.0,0.0
ERBB4,0.0,0.0,0.0,0.0004,0.0,0.0,0.0,0.0,0.0036,0.0034,0.3775,0.0,0.0,0.0,0.0,0.0
ESAM,0.0001,0.0,0.0,0.1191,0.1948,0.0,0.0,0.7069,0.0,0.0,0.0,0.0,0.0,0.0,0.0,0.0
F11R,0.0003,0.0001,0.0,0.0003,0.0,0.0002,0.0003,0.0299,0.0231,0.0318,0.0585,0.003,0.0018,0.0005,0.0004,0.0003
F2R,0.0,0.1389,0.2263,0.0023,0.0137,0.002,0.0166,0.0284,0.0001,0.0026,0.0,0.0,0.0007,0.0001,0.0115,0.0015
F2RL1,0.0,0.0048,0.0,0.0,0.0002,0.0007,0.0,0.0,0.001,0.0037,0.0129,0.0002,0.008,0.0,0.0,0.0
F2RL2,0.0,0.0582,0.0627,0.0,0.0009,0.0,0.0002,0.0,0.0,0.0013,0.0,0.0,0.0,0.0,0.0001,0.0001
F2RL3,0.0,0.0,0.0,0.0,0.0,0.0,0.0,0.1114,0.0003,0.0005,0.0,0.0,0.0011,0.0,0.0,0.0
F3,0.0,0.045,0.0061,0.0034,0.0071,0.0,0.0,0.0001,0.0015,0.005,0.022,0.0001,0.1619,0.0,0.0,0.0
FAP,0.0,0.3128,0.105,0.0003,0.0018,0.0,0.0,0.0045,0.0002,0.0062,0.0001,0.0,0.0002,0.0001,0.0,0.0
FAS,0.0007,0.0168,0.0161,0.0093,0.0122,0.0118,0.0146,0.0009,0.0007,0.0162,0.0009,0.0019,0.0178,0.0003,0.0633,0.056
FCER1A,0.0001,0.0,0.0,0.0,0.0,0.0,0.0,0.0,0.0,0.0,0.0,0.0594,0.0,0.001,0.0,0.0001
FCGR1A,0.0,0.0,0.0,0.0003,0.0,0.0,0.0,0.0,0.0,0.0009,0.0,0.6322,0.0,0.0,0.0,0.0
FGFR1,0.0002,0.078,0.1974,0.0054,0.0022,0.0002,0.0002,0.0185,0.0005,0.0269,0.0079,0.0018,0.0605,0.0001,0.0009,0.0002
FGFR2,0.0,0.0014,0.0002,0.0004,0.0,0.0,0.0,0.0,0.0016,0.0008,0.003,0.0,0.0265,0.0,0.0,0.0
FGFR3,0.0001,0.0,0.0,0.0,0.0059,0.0,0.0,0.002,0.0003,0.0005,0.0,0.0,0.0003,0.0001,0.0,0.0
FGFR4,0.0,0.0015,0.0,0.0,0.0001,0.0,0.0,0.0,0.0248,0.0423,0.0004,0.0,0.0003,0.0002,0.0,0.0001
FGFRL1,0.0,0.0023,0.0005,0.0009,0.0002,0.0,0.0003,0.0001,0.0008,0.0059,0.0168,0.0001,0.001,0.0,0.0002,0.0002
FLT1,0.0001,0.0,0.0,0.0001,0.0,0.0,0.0,0.7454,0.0004,0.0007,0.0,0.0008,0.0,0.0,0.0001,0.0002
FLT3,0.0,0.0,0.0,0.0,0.0,0.0,0.0,0.0,0.0,0.0,0.009,0.0048,0.0,0.0024,0.0001,0.0003
FLT4,0.0,0.0,0.0,0.0,0.0,0.0002,0.0,0.1608,0.0,0.0,0.0001,0.0,0.0,0.0,0.0,0.0
FPR1,0.0,0.0,0.0,0.0,0.0,0.0,0.0,0.0002,0.0,0.0001,0.0,0.4301,0.0,0.0,0.0,0.0003
FPR2,0.0,0.0,0.0,0.0,0.0,0.0,0.0,0.0,0.0,0.0001,0.0,0.0884,0.0,0.0,0.0,0.0
FPR3,0.0,0.0001,0.0,0.0001,0.0001,0.0,0.0,0.0,0.0,0.0004,0.0,0.4782,0.0,0.0,0.0,0.0
FSHR,0.0,0.0,0.0009,0.0,0.0,0.0,0.0,0.0,0.0,0.0,0.0,0.0,0.0,0.0,0.0,0.0
FXYD6,0.0,0.0283,0.1648,0.0061,0.1622,0.0,0.0,0.0055,0.0001,0.0003,0.0,0.0041,0.0595,0.0001,0.0001,0.0
FZD1,0.0,0.0552,0.0062,0.0012,0.0012,0.0,0.0,0.0001,0.0224,0.0202,0.0034,0.0039,0.0029,0.0,0.0,0.0
FZD10,0.0,0.0,0.0031,0.0154,0.009,0.0,0.0,0.0,0.0,0.0,0.0,0.0,0.0014,0.0,0.0,0.0
FZD2,0.0,0.0049,0.014,0.0,0.0,0.0,0.0,0.0,0.0,0.0019,0.0,0.0113,0.0009,0.0,0.0,0.0
FZD3,0.0006,0.0014,0.0021,0.0154,0.0013,0.0001,0.0001,0.0004,0.0027,0.0054,0.024,0.0,0.0042,0.0021,0.0004,0.0008
FZD4,0.0,0.0032,0.0071,0.0195,0.0129,0.0,0.0,0.2258,0.0004,0.0006,0.0014,0.0,0.0001,0.0,0.0,0.0
FZD5,0.0004,0.0,0.0,0.0,0.0,0.0,0.0,0.0018,0.0006,0.0018,0.0041,0.0122,0.0003,0.0,0.0,0.0
FZD6,0.0001,0.0039,0.0001,0.0,0.0,0.0001,0.0001,0.0586,0.0044,0.0205,0.0054,0.0,0.0139,0.0002,0.0002,0.0002
FZD7,0.0,0.0165,0.0614,0.008,0.0046,0.0,0.0,0.0,0.0076,0.0069,0.0004,0.0,0.0178,0.0001,0.0,0.0
FZD8,0.0,0.0064,0.0012,0.0005,0.0004,0.0,0.0,0.0013,0.0015,0.006,0.0016,0.0,0.0044,0.0001,0.0,0.0
FZD9,0.0,0.0,0.0,0.0,0.0,0.0,0.0,0.0,0.0008,0.0,0.0,0.0003,0.0,0.0,0.0,0.0
GABBR2,0.0,0.0002,0.0,0.0,0.0,0.0,0.0,0.0,0.0006,0.0024,0.0,0.0,0.0,0.0,0.0,0.0
GALR1,0.0,0.0,0.0002,0.0,0.0,0.0,0.0,0.0022,0.0,0.0,0.0,0.0,0.0,0.0,0.0,0.0
GALR2,0.0003,0.0,0.0,0.0,0.0,0.0,0.0,0.0001,0.0,0.0006,0.0007,0.0055,0.0,0.0001,0.0001,0.0
GALR3,0.0,0.0,0.0,0.0,0.0,0.0,0.0,0.0,0.0,0.0003,0.0,0.0,0.0,0.0,0.0,0.0
GCGR,0.0,0.0,0.0,0.0,0.0,0.0,0.0,0.0,0.0,0.0,0.0,0.0,0.0,0.0,0.0,0.0
GFRA1,0.0,0.0093,0.0231,0.0045,0.0036,0.0,0.0,0.0001,0.0012,0.0011,0.0062,0.0,0.0022,0.0,0.0,0.0
GFRA2,0.0,0.0013,0.001,0.0033,0.0,0.0,0.0,0.0,0.0,0.0,0.0,0.0114,0.0004,0.0,0.0,0.0
GFRA3,0.0,0.0,0.0,0.0,0.0,0.0,0.0,0.0,0.0034,0.0053,0.0,0.0,0.0,0.0,0.0027,0.0
GFRA4,0.0,0.0,0.0,0.0,0.0,0.0,0.0,0.0,0.0,0.0,0.0,0.0,0.0,0.0,0.0,0.0
GHR,0.0,0.0009,0.0018,0.013,0.0084,0.0,0.0,0.0012,0.0003,0.0007,0.0001,0.0,0.0047,0.0,0.0,0.0
GHRHR,0.0,0.0,0.0,0.0,0.0,0.0,0.0,0.0016,0.001,0.0,0.0,0.0,0.0,0.0,0.0,0.0
GHSR,0.0,0.0,0.0,0.0,0.0,0.0,0.0002,0.0,0.0,0.0,0.0,0.0,0.0,0.0,0.0,0.0
GIPR,0.0,0.0,0.0,0.0,0.0,0.0004,0.0015,0.0,0.0002,0.0,0.0002,0.0001,0.0,0.0017,0.0015,0.0014
GJB2,0.0,0.2643,0.0,0.0,0.0,0.0,0.0,0.0,0.0101,0.0272,0.0,0.0001,0.0,0.0001,0.0,0.0
GLP1R,0.0,0.0,0.0,0.0,0.0,0.0,0.0,0.0001,0.0047,0.0105,0.0,0.0,0.0009,0.0,0.0,0.0
GLP2R,0.0,0.0,0.0,0.0,0.0,0.0,0.0,0.0009,0.0,0.0,0.0,0.0001,0.0,0.0,0.0,0.0
GNRHR,0.0,0.0,0.0,0.0,0.0,0.0,0.0,0.0,0.0,0.0003,0.0,0.0,0.0,0.0,0.0,0.0
GP1BA,0.0,0.0006,0.0022,0.001,0.003,0.0003,0.0,0.0008,0.0,0.0,0.0,0.0001,0.0,0.0,0.0,0.0
GP1BB,0.0,0.0,0.0,0.0,0.0,0.0,0.0,0.0,0.0,0.0,0.0,0.0,0.0,0.0,0.0,0.0
GP9,0.0,0.0,0.0,0.0,0.0,0.0,0.0,0.0,0.0,0.0,0.0,0.0001,0.0,0.0,0.0,0.0
GPC1,0.0,0.0395,0.0034,0.006,0.0053,0.0001,0.0,0.0001,0.0069,0.115,0.0045,0.0001,0.0614,0.0,0.0006,0.0
GPC2,0.0002,0.001,0.0001,0.0,0.0006,0.0007,0.0001,0.0001,0.0075,0.0096,0.0003,0.0001,0.0007,0.0002,0.0004,0.0002
GPC4,0.0,0.0212,0.0364,0.0015,0.0004,0.0,0.0,0.0,0.0006,0.001,0.0012,0.0001,0.0042,0.0,0.0,0.0
GPC5,0.0001,0.0,0.0,0.0,0.0,0.0001,0.0001,0.0,0.0001,0.0003,0.0,0.0,0.0,0.0,0.0003,0.0
GPIHBP1,0.0,0.0,0.0,0.0,0.0,0.0,0.0,0.3578,0.0,0.0,0.0,0.0,0.0004,0.0,0.0,0.0
GPR1,0.0,0.0067,0.0008,0.0,0.0,0.0,0.0,0.0,0.0,0.0009,0.0,0.0,0.0001,0.0,0.0,0.0
GPR135,0.0003,0.0001,0.0004,0.0015,0.0028,0.0,0.0001,0.0001,0.0001,0.0006,0.0,0.0,0.0003,0.0,0.0,0.0
GPR151,0.0,0.0,0.0,0.0,0.0,0.0,0.0,0.0,0.0,0.0,0.0,0.0001,0.0,0.0,0.0,0.0
GPR162,0.0,0.0005,0.0082,0.001,0.0066,0.0,0.0,0.0,0.0,0.0003,0.0202,0.003,0.0,0.0,0.0,0.0
GPR182,0.0,0.0,0.0,0.0,0.0,0.0006,0.0,0.0,0.0,0.0,0.0,0.0,0.0,0.0,0.0,0.0
GPR37,0.0,0.0002,0.0,0.0,0.0,0.0,0.0,0.0,0.0096,0.0095,0.0057,0.0,0.0092,0.0001,0.0,0.0
GPR37L1,0.0,0.0,0.0,0.0,0.0,0.0,0.0,0.0,0.0007,0.0007,0.0003,0.0,0.0,0.0,0.0,0.0
GPR39,0.0,0.0,0.0,0.0003,0.0002,0.0,0.0,0.0,0.0017,0.0214,0.0205,0.0,0.0005,0.0,0.0,0.0
GPR56,0.0,0.0,0.0,0.0,0.0,0.0,0.0,0.0,0.0,0.0,0.0,0.0,0.0,0.0,0.0,0.0
GPR75,0.0,0.0,0.0,0.0,0.0,0.0,0.0,0.0,0.0001,0.0001,0.0001,0.0001,0.0113,0.0,0.001,0.0
GRIN2C,0.0,0.0,0.0,0.0007,0.0016,0.0,0.0,0.0,0.0,0.0001,0.0,0.0013,0.0,0.0,0.0,0.0
GRIN2D,0.0,0.0014,0.0,0.0004,0.0,0.0,0.0,0.0,0.0,0.0001,0.0,0.0036,0.0,0.0,0.0,0.0
GRM1,0.0,0.0,0.0,0.0,0.0,0.0,0.0,0.0,0.0,0.0,0.0,0.0002,0.0,0.0,0.0,0.0
GRM5,0.0,0.0,0.0,0.0,0.0,0.0,0.0,0.0,0.0001,0.0,0.0,0.0,0.0,0.0,0.0,0.0
GRPR,0.0,0.0,0.0,0.0,0.0,0.0,0.0,0.0031,0.0,0.0,0.0031,0.0,0.0,0.0,0.0,0.0
GUCY2C,0.0354,0.0,0.0,0.0,0.0,0.0,0.0,0.0,0.0,0.0,0.0,0.0,0.0,0.0,0.0,0.0
GUCY2D,0.0,0.0,0.0003,0.0,0.0,0.0,0.0,0.0,0.0001,0.0,0.0002,0.0001,0.0,0.0025,0.0,0.0
GYPE,0.0007,0.0,0.0002,0.0,0.0027,0.0,0.0,0.0007,0.0,0.0,0.0,0.0,0.0,0.0,0.0,0.0
HCRTR1,0.0,0.0,0.0,0.0,0.0,0.0,0.0,0.0,0.0,0.0,0.0,0.0001,0.0,0.0,0.0,0.0
HCRTR2,0.0,0.0,0.0,0.0,0.0,0.0,0.0,0.0,0.0001,0.0,0.0,0.0,0.0135,0.0,0.0,0.0
HFE,0.0003,0.0017,0.0033,0.0015,0.0015,0.0001,0.0,0.002,0.0007,0.0103,0.0069,0.0072,0.0004,0.0,0.0001,0.0
HFE2,0.0,0.0,0.0,0.0,0.0,0.0,0.0,0.0,0.0,0.0,0.0,0.0,0.0,0.0,0.0,0.0
HHIP,0.0,0.0,0.0,0.0,0.0,0.0,0.0,0.0,0.0002,0.0002,0.0,0.0,0.003,0.0,0.0,0.0
HLA-F,0.0308,0.018,0.0017,0.013,0.0257,0.0591,0.0754,0.0398,0.014,0.021,0.0046,0.0259,0.0195,0.0053,0.1038,0.0762
HMMR,0.0001,0.0002,0.0,0.0,0.0,0.0,0.0,0.0,0.0013,0.1544,0.0,0.0002,0.0004,0.0005,0.3012,0.0001
HRH4,0.0,0.0,0.0,0.0,0.0,0.0011,0.0,0.0,0.0001,0.0,0.0,0.0,0.0,0.0,0.0006,0.0
HTR2A,0.0,0.0015,0.0302,0.0007,0.0,0.0,0.0,0.0,0.0,0.0,0.0,0.0,0.0102,0.0,0.0,0.0
HTR2C,0.0,0.0,0.0,0.0,0.0,0.0,0.0,0.0,0.0001,0.0,0.0,0.0,0.0,0.0,0.0,0.0
HTR6,0.0,0.0,0.0,0.0,0.0,0.0,0.0004,0.0,0.0001,0.0,0.0,0.0,0.0,0.0,0.0,0.0
IFITM1,0.0116,0.1837,0.0441,0.07,0.1826,0.2214,0.235,0.2211,0.0009,0.002,0.0198,0.0203,0.0893,0.0123,0.1803,0.1233
IFNAR1,0.0087,0.0135,0.0099,0.0051,0.0209,0.0041,0.0035,0.0347,0.0208,0.0336,0.0201,0.0354,0.004,0.0182,0.009,0.0046
IFNAR2,0.0022,0.0078,0.0008,0.0018,0.0044,0.0138,0.0131,0.0149,0.0033,0.0097,0.0036,0.0253,0.0045,0.0817,0.0564,0.0512
IFNGR1,0.015,0.019,0.0892,0.0091,0.0287,0.0041,0.01,0.0546,0.0107,0.0188,0.0278,0.0723,0.0297,0.0005,0.0026,0.0026
IFNGR2,0.0195,0.0646,0.0102,0.0109,0.0108,0.0016,0.0001,0.0191,0.0357,0.0667,0.0312,0.2361,0.0136,0.011,0.0001,0.0006
IFNLR1,0.0078,0.0,0.0,0.0,0.0,0.0003,0.001,0.0,0.0002,0.0002,0.0,0.0006,0.0016,0.0061,0.0055,0.0018
IGF1R,0.0001,0.0167,0.0078,0.0019,0.002,0.0001,0.0,0.0043,0.0003,0.0013,0.159,0.0001,0.0282,0.0,0.0,0.0
IGF2R,0.0009,0.0081,0.0073,0.0063,0.0076,0.0016,0.0032,0.0146,0.0018,0.0147,0.0053,0.0214,0.001,0.0017,0.0072,0.0036
IGFLR1,0.0049,0.0,0.0,0.0,0.0,0.0068,0.0134,0.0001,0.0001,0.0002,0.0,0.0503,0.0,0.0131,0.0138,0.0338
IL10RA,0.0059,0.0,0.0,0.0006,0.0,0.0447,0.0688,0.0,0.0,0.0003,0.0,0.1536,0.0,0.0283,0.0496,0.083
IL10RB,0.0046,0.0099,0.0286,0.0033,0.0051,0.0036,0.0063,0.012,0.0029,0.0191,0.0046,0.0412,0.0016,0.0021,0.0185,0.0108
IL11RA,0.0001,0.0041,0.1039,0.0024,0.0047,0.0002,0.0001,0.0018,0.0003,0.0006,0.0003,0.0001,0.0049,0.0,0.0001,0.0
IL12RB1,0.0021,0.0,0.0,0.0,0.0002,0.0165,0.0311,0.0,0.0,0.0001,0.0,0.0062,0.0,0.001,0.0368,0.071
IL12RB2,0.0,0.0,0.0,0.0,0.0,0.0008,0.0044,0.0,0.0002,0.0006,0.0,0.0002,0.0001,0.0,0.0179,0.0613
IL13RA1,0.0023,0.0187,0.002,0.0099,0.0169,0.0,0.0,0.0095,0.0119,0.0266,0.0432,0.1017,0.016,0.0006,0.0,0.0001
IL13RA2,0.0,0.0001,0.0,0.0,0.0,0.0,0.0,0.002,0.0002,0.1068,0.0,0.0001,0.0005,0.0,0.0001,0.0
IL15RA,0.0004,0.0483,0.01,0.0046,0.0033,0.0016,0.0016,0.0135,0.0068,0.0323,0.0001,0.0123,0.0025,0.004,0.0039,0.004
IL17RA,0.0011,0.0055,0.0031,0.001,0.0073,0.0279,0.0135,0.0049,0.0015,0.006,0.0017,0.0499,0.0032,0.0006,0.0212,0.0138
IL17RB,0.0001,0.0,0.0001,0.0,0.0,0.0,0.0,0.0,0.0021,0.0139,0.0693,0.0,0.0,0.0,0.0001,0.0007
IL17RC,0.0,0.0113,0.0056,0.0056,0.0163,0.0,0.0001,0.0023,0.0239,0.0221,0.0162,0.0035,0.0215,0.0004,0.0001,0.0
IL18R1,0.0002,0.0011,0.0,0.0003,0.0005,0.0047,0.0053,0.0006,0.0,0.0,0.0,0.0001,0.0,0.0005,0.0357,0.0439
IL18RAP,0.0,0.0,0.0,0.0,0.0009,0.0003,0.0171,0.0,0.0,0.0,0.0,0.0001,0.0,0.0001,0.0205,0.0016
IL1R1,0.0,0.1063,0.0033,0.0055,0.0053,0.0,0.0,0.0353,0.0028,0.0067,0.003,0.0006,0.0007,0.0,0.0004,0.0009
IL1R2,0.0,0.0003,0.0,0.0005,0.0003,0.0,0.0,0.0003,0.0004,0.0003,0.0004,0.0133,0.0002,0.0,0.0159,0.0666
IL1RAP,0.0003,0.0035,0.0009,0.0012,0.0069,0.0002,0.0004,0.0016,0.0015,0.0086,0.0003,0.0175,0.0126,0.0,0.0012,0.0004
IL1RAPL1,0.0,0.0,0.0045,0.0,0.0094,0.0,0.0,0.0,0.0,0.0,0.0,0.0,0.0015,0.0,0.0,0.0
IL1RL2,0.0,0.0006,0.0004,0.001,0.0002,0.0,0.0,0.0,0.0014,0.0044,0.0003,0.0003,0.0013,0.0,0.0,0.0
IL20RA,0.0,0.002,0.0006,0.0,0.0,0.0,0.0,0.0,0.0116,0.0153,0.2068,0.0,0.004,0.0001,0.0,0.0
IL20RB,0.0,0.0027,0.0,0.0017,0.0002,0.0,0.0,0.0,0.0008,0.0731,0.0,0.0001,0.0,0.0,0.0,0.0
IL21R,0.002,0.0,0.0,0.0,0.0,0.0107,0.0448,0.0,0.0,0.0,0.0,0.0043,0.0,0.0068,0.1197,0.093
IL22RA1,0.0,0.0,0.0001,0.0,0.0,0.0,0.0,0.0,0.0,0.0001,0.0,0.0,0.0502,0.0,0.0,0.0
IL22RA2,0.0001,0.0,0.0,0.0,0.0,0.0001,0.0,0.0,0.0037,0.0045,0.0,0.0001,0.0002,0.0,0.0001,0.0
IL23R,0.0003,0.0,0.0,0.0,0.0,0.0004,0.0006,0.0,0.0,0.0,0.0,0.0,0.0,0.0002,0.0008,0.0037
IL27RA,0.0088,0.001,0.0004,0.0,0.0,0.058,0.0403,0.009,0.0131,0.0192,0.0037,0.0029,0.0122,0.0011,0.0618,0.0634
IL2RA,0.0009,0.0,0.0,0.0,0.0,0.0026,0.0006,0.0,0.0,0.0001,0.0,0.0498,0.0,0.0,0.0385,0.2479
IL2RB,0.0001,0.0001,0.0,0.0,0.0003,0.0143,0.1492,0.0,0.0,0.0,0.0,0.0,0.0,0.0001,0.1457,0.1051
IL2RG,0.0495,0.0,0.0001,0.0,0.0,0.2626,0.3127,0.0012,0.0001,0.0,0.0,0.0084,0.0002,0.0138,0.3799,0.4458
IL31RA,0.0,0.0006,0.0,0.0,0.0,0.0,0.0,0.0,0.0001,0.0091,0.0,0.0002,0.0,0.0,0.0,0.0
IL3RA,0.0002,0.0002,0.0,0.0,0.0,0.0,0.0,0.4416,0.0,0.0,0.0,0.0018,0.0,0.0079,0.0,0.0
IL4R,0.0436,0.0079,0.0016,0.0091,0.0079,0.0083,0.0091,0.012,0.0007,0.0026,0.0008,0.0217,0.0148,0.0005,0.0162,0.0211
IL5RA,0.0001,0.0,0.0,0.0,0.0,0.0004,0.0003,0.0,0.0,0.0,0.0,0.0,0.0,0.0289,0.0002,0.0002
IL6R,0.0002,0.0002,0.0006,0.0048,0.0001,0.0418,0.0008,0.0009,0.0006,0.0006,0.0064,0.0715,0.0035,0.0082,0.0014,0.02
IL6ST,0.0008,0.0374,0.0898,0.0137,0.0606,0.0146,0.0055,0.0909,0.002,0.0145,0.2374,0.0107,0.0187,0.0031,0.0083,0.0187
IL7R,0.0005,0.0024,0.0,0.0,0.0,1.0376,0.1943,0.0002,0.0,0.0008,0.0,0.0069,0.0003,0.0007,0.0231,0.1921
IL9R,0.0001,0.0,0.0,0.0,0.0,0.0005,0.0158,0.0,0.0,0.0,0.0,0.0,0.0,0.0,0.0646,0.0014
INSR,0.0,0.0036,0.0197,0.0061,0.0013,0.0,0.0,0.3059,0.0027,0.0008,0.029,0.001,0.0009,0.0005,0.0,0.0
ITGA1,0.0,0.027,0.0124,0.0788,0.2555,0.0001,0.0082,0.0453,0.0,0.0,0.0,0.0,0.0015,0.0,0.0075,0.0
ITGA10,0.0,0.0005,0.0023,0.0,0.0,0.0,0.0,0.0083,0.0004,0.0097,0.0306,0.0,0.0132,0.0,0.0,0.0
ITGA11,0.0,0.2124,0.0099,0.0,0.0003,0.0,0.0,0.0,0.0,0.0,0.0,0.0,0.0185,0.0,0.0,0.0
ITGA2,0.0,0.0037,0.0,0.0,0.0001,0.0,0.0006,0.011,0.012,0.0934,0.0173,0.0,0.1463,0.0,0.0011,0.0002
ITGA2B,0.0,0.0016,0.0026,0.0,0.0,0.0,0.0,0.0005,0.0,0.0003,0.0,0.0001,0.0019,0.0001,0.0,0.0
ITGA3,0.0,0.0016,0.0001,0.0134,0.0078,0.0001,0.0001,0.0054,0.0029,0.0586,0.0127,0.0,0.0622,0.0002,0.0002,0.0002
ITGA4,0.0214,0.0013,0.0035,0.0003,0.0044,0.0374,0.0913,0.0001,0.0,0.0048,0.0,0.046,0.0,0.0036,0.1568,0.0679
ITGA5,0.0,0.103,0.0073,0.0028,0.008,0.0009,0.001,0.1315,0.0003,0.041,0.0016,0.009,0.0019,0.0001,0.0004,0.0003
ITGA6,0.0001,0.0001,0.0,0.0,0.0,0.0066,0.0009,0.2862,0.0358,0.0744,0.0016,0.001,0.0605,0.0087,0.0007,0.0002
ITGA7,0.0,0.0,0.0,0.1244,0.1793,0.0,0.0,0.0001,0.0,0.0,0.0,0.0,0.0002,0.0,0.0,0.0
ITGA8,0.0,0.0006,0.0078,0.0561,0.0,0.0,0.0,0.0055,0.0,0.0,0.0,0.0,0.0,0.0075,0.0001,0.0
ITGA9,0.0,0.0042,0.0001,0.0,0.0,0.0,0.0,0.0713,0.0,0.0001,0.0002,0.0134,0.0039,0.0,0.0,0.0
ITGAD,0.0,0.0,0.0,0.0,0.0,0.0,0.0045,0.0,0.0,0.0,0.0,0.006,0.0,0.0,0.0002,0.0
ITGAE,0.0103,0.008,0.0051,0.0041,0.0063,0.0036,0.0515,0.0085,0.0082,0.0616,0.0114,0.0055,0.0052,0.0058,0.0983,0.0209
ITGAL,0.0026,0.0,0.0,0.0,0.0,0.0258,0.0619,0.0,0.0,0.0001,0.0,0.0175,0.0,0.0011,0.0536,0.0665
ITGAM,0.0003,0.0,0.0,0.0,0.0,0.0,0.0023,0.0,0.0,0.001,0.0,0.2193,0.0,0.0,0.002,0.0011
ITGAV,0.0002,0.0699,0.0167,0.0273,0.0278,0.0003,0.0007,0.0178,0.0032,0.0253,0.0467,0.0265,0.0047,0.0002,0.0015,0.0019
ITGAX,0.0011,0.0,0.0,0.0,0.0,0.0,0.0016,0.0,0.0,0.0009,0.0,0.2295,0.0,0.0,0.0027,0.0002
ITGB1,0.0028,0.185,0.1217,0.1107,0.2233,0.0163,0.0278,0.0994,0.0266,0.1126,0.0322,0.0248,0.1135,0.0029,0.057,0.0268
ITGB2,0.017,0.0003,0.0,0.0,0.0,0.0905,0.2268,0.0001,0.0008,0.0033,0.0,0.3996,0.0004,0.0008,0.2396,0.1354
ITGB3,0.0,0.0002,0.0002,0.003,0.0037,0.0,0.0,0.0021,0.0,0.0002,0.0,0.0,0.0003,0.0,0.0,0.0
ITGB4,0.0001,0.0001,0.0001,0.0001,0.0,0.0001,0.0,0.0371,0.015,0.0164,0.0053,0.0001,0.1883,0.0006,0.0,0.0
ITGB5,0.0,0.0865,0.0426,0.0083,0.0138,0.0,0.0,0.0033,0.007,0.017,0.0087,0.0193,0.0066,0.0,0.0,0.0
ITGB6,0.0,0.0,0.0,0.0001,0.0,0.0,0.0,0.0,0.0206,0.0208,0.0304,0.0,0.0695,0.0001,0.0,0.0
ITGB7,0.0123,0.0,0.0,0.0,0.0,0.0417,0.0975,0.0002,0.0,0.0,0.0,0.0017,0.0,0.004,0.1151,0.014
ITGB8,0.0001,0.0042,0.0008,0.0,0.0,0.0,0.0,0.0,0.023,0.0246,0.0055,0.0001,0.0427,0.0,0.0,0.0006
JMJD6,0.0022,0.0125,0.0072,0.0117,0.0059,0.0039,0.0309,0.0127,0.0122,0.0173,0.0238,0.0089,0.0108,0.0019,0.0345,0.0085
KCNA3,0.0007,0.0,0.0,0.0,0.0,0.0398,0.0317,0.0,0.0,0.0,0.0,0.0,0.0,0.0138,0.0273,0.0081
KCND1,0.0,0.0009,0.0012,0.0003,0.0,0.0,0.0,0.002,0.0,0.0008,0.0001,0.0001,0.0012,0.0001,0.0005,0.0
KCND2,0.0,0.011,0.0019,0.0,0.0047,0.0,0.0,0.0,0.0001,0.0,0.0,0.0,0.0,0.0,0.0,0.0
KCNJ10,0.0,0.0,0.0,0.0,0.0,0.0,0.0,0.0,0.0,0.0,0.0,0.0052,0.0,0.0,0.0,0.0
KCNJ15,0.0,0.0138,0.0,0.0,0.0001,0.0,0.0,0.0043,0.0,0.0,0.0,0.0047,0.0002,0.0,0.0,0.0
KCNJ4,0.0,0.0,0.0,0.0,0.0,0.0,0.0,0.0,0.0,0.0,0.0,0.0,0.0,0.0,0.0,0.0
KDR,0.0,0.0,0.0001,0.0,0.0,0.0,0.0,0.5458,0.0,0.0,0.0,0.0,0.0,0.0,0.0,0.0
KEL,0.0,0.0,0.0,0.0,0.0,0.0,0.0,0.0,0.0003,0.0,0.0,0.0002,0.0,0.0001,0.0,0.0022
KIDINS220,0.0026,0.0155,0.0265,0.0141,0.0128,0.003,0.0048,0.0169,0.0055,0.0129,0.0131,0.0139,0.0076,0.0009,0.0092,0.0026
KIR2DL1,0.0,0.0,0.0,0.0,0.0,0.0,0.006,0.0,0.0,0.0,0.0,0.0,0.0,0.0,0.0028,0.0
KIR2DL3,0.0,0.0,0.0,0.0,0.0,0.0,0.0151,0.0,0.0,0.0,0.0,0.0,0.0,0.0,0.0065,0.0
KIR2DL4,0.0,0.0,0.0,0.0002,0.0,0.0,0.058,0.0,0.0,0.0,0.0,0.0,0.0,0.0,0.045,0.0001
KIR2DS4,0.0,0.0,0.0,0.0,0.0,0.0,0.0,0.0,0.0,0.0,0.0,0.0,0.0,0.0,0.0,0.0
KIR3DL1,0.0,0.0,0.0,0.0,0.0,0.0,0.0097,0.0,0.0,0.0,0.0,0.0,0.0,0.0,0.0012,0.0
KIR3DL2,0.0,0.0,0.0,0.0,0.0,0.0001,0.0115,0.0,0.0,0.0,0.0,0.0,0.0,0.0,0.0083,0.0009
KISS1R,0.0001,0.0,0.0,0.0,0.0,0.0018,0.0003,0.0,0.0002,0.0,0.0,0.0,0.0,0.0045,0.0,0.0
KIT,0.0,0.0,0.0001,0.0004,0.0006,0.0002,0.0002,0.0066,0.0147,0.0007,0.0007,0.0001,0.0026,0.0002,0.0,0.0006
KLB,0.0,0.0,0.0001,0.0021,0.0005,0.0,0.0,0.0,0.0009,0.0009,0.0,0.0,0.0,0.0002,0.0,0.0
KLRC1,0.0001,0.0001,0.0,0.0,0.0,0.0001,0.168,0.0,0.0,0.0,0.0,0.0,0.0,0.0,0.1269,0.0
KLRC2,0.0,0.0,0.0,0.0,0.0,0.0,0.028,0.0004,0.0,0.0,0.0,0.0,0.0,0.0,0.0107,0.0
KLRD1,0.0001,0.0012,0.0,0.0,0.0,0.0001,0.3202,0.0002,0.0001,0.0001,0.0,0.0001,0.0,0.0,0.1365,0.0001
KLRG1,0.0002,0.0,0.0,0.0,0.0,0.0323,0.1212,0.0033,0.0,0.0,0.0,0.0003,0.0,0.0002,0.0166,0.0016
KLRK1,0.0,0.0001,0.0,0.0,0.0,0.0011,0.0315,0.0,0.0,0.0,0.0,0.0,0.0,0.0,0.0147,0.0
KREMEN1,0.0002,0.022,0.0246,0.0004,0.0011,0.0,0.0,0.0001,0.0012,0.0023,0.0021,0.0009,0.0095,0.0,0.0,0.0
KREMEN2,0.0,0.0001,0.0,0.0,0.0,0.0002,0.0,0.0,0.0058,0.0044,0.0,0.0,0.0004,0.0001,0.0,0.0
LAMP1,0.0048,0.0475,0.0358,0.0129,0.0287,0.0152,0.0194,0.035,0.0425,0.079,0.0843,0.0586,0.0453,0.001,0.0219,0.0172
LDLR,0.0,0.0022,0.005,0.0046,0.0021,0.0006,0.0017,0.0347,0.0344,0.0522,0.2205,0.0014,0.0136,0.0005,0.0189,0.0011
LEPR,0.0001,0.0045,0.0104,0.0003,0.0002,0.0001,0.0,0.052,0.0009,0.0036,0.0003,0.0005,0.0005,0.0001,0.0001,0.0002
LGR4,0.0,0.0029,0.0001,0.0008,0.0096,0.0,0.0,0.0,0.0019,0.0095,0.0173,0.0,0.0135,0.0,0.0001,0.0
LGR5,0.0,0.0011,0.0,0.0043,0.0,0.0,0.0,0.0,0.0,0.0,0.0,0.0,0.0009,0.0,0.0,0.0
LGR6,0.0,0.0,0.0001,0.0017,0.0,0.0,0.0006,0.0,0.0007,0.0037,0.0,0.0,0.1086,0.0,0.0,0.0
LHCGR,0.0,0.0,0.0,0.0,0.0,0.0,0.0,0.0,0.0,0.0,0.0,0.0,0.0,0.0005,0.0,0.0
LIFR,0.0,0.0042,0.0082,0.0032,0.0002,0.0,0.0,0.3315,0.0001,0.0009,0.0051,0.0,0.0105,0.0,0.0,0.0
LILRA3,0.0,0.0,0.0,0.0,0.0,0.0,0.0,0.0,0.0,0.0,0.0,0.0,0.0,0.0,0.0,0.0
LILRB1,0.0148,0.0,0.0,0.0001,0.0,0.0,0.0003,0.0002,0.0,0.0004,0.0,0.3714,0.0,0.0074,0.0002,0.0001
LILRB2,0.0,0.0,0.0,0.0001,0.0,0.0,0.0,0.0,0.0,0.0007,0.0,0.6126,0.0,0.0002,0.0001,0.0
LINGO1,0.0,0.0004,0.0021,0.0306,0.0316,0.0,0.0,0.0001,0.0,0.0,0.0,0.0,0.0,0.0,0.0,0.0
LMBR1L,0.0061,0.0053,0.0272,0.0081,0.008,0.007,0.0076,0.016,0.0022,0.0047,0.0031,0.012,0.0052,0.0015,0.0036,0.0077
LPAR1,0.0,0.0585,0.1609,0.0,0.0005,0.0,0.0,0.0001,0.0001,0.0059,0.0005,0.0008,0.0006,0.0001,0.0,0.0
LPAR2,0.0008,0.0001,0.0002,0.0,0.0,0.0571,0.0238,0.0,0.0149,0.0121,0.0048,0.0004,0.0041,0.0009,0.0135,0.0603
LPAR3,0.0,0.0,0.0,0.0,0.0,0.0,0.0,0.0,0.0012,0.0022,0.0179,0.0,0.0001,0.0001,0.0,0.0
LPAR4,0.0,0.0012,0.113,0.0,0.0003,0.0,0.0,0.0015,0.0,0.0,0.0,0.0,0.0,0.0,0.0,0.0
LPHN1,0.0,0.0,0.0,0.0,0.0,0.0,0.0,0.0,0.0,0.0,0.0,0.0,0.0,0.0,0.0,0.0
LPHN2,0.0,0.0,0.0,0.0,0.0,0.0,0.0,0.0,0.0,0.0,0.0,0.0,0.0,0.0,0.0,0.0
LRP1,0.0,0.2239,0.4699,0.0086,0.0141,0.0,0.0,0.0001,0.0004,0.0067,0.0002,0.113,0.0131,0.0001,0.0,0.0
LRP11,0.0,0.0075,0.016,0.0084,0.003,0.0,0.0,0.0009,0.0041,0.0164,0.0099,0.0004,0.0028,0.0,0.0001,0.0
LRP2,0.0,0.0,0.0,0.0,0.0,0.0,0.0,0.0,0.0001,0.0,0.3857,0.0,0.0,0.0,0.0,0.0
LRP4,0.0,0.0016,0.0025,0.0,0.0,0.0,0.0,0.0004,0.0,0.0001,0.0,0.0,0.0012,0.0,0.0,0.0001
LRP5,0.0,0.0085,0.0055,0.0002,0.0033,0.0,0.0,0.0165,0.01,0.025,0.009,0.0,0.0113,0.0003,0.0,0.0
LRP6,0.0001,0.0055,0.0247,0.0031,0.0029,0.0,0.0,0.0279,0.009,0.0106,0.0125,0.0,0.0091,0.0,0.0,0.0
LRP8,0.0,0.0002,0.0,0.0011,0.0,0.0001,0.0003,0.0003,0.0079,0.0474,0.0002,0.0002,0.0,0.0003,0.003,0.0007
LRRC4,0.0001,0.0,0.0,0.0,0.0,0.0,0.0,0.0098,0.0002,0.0013,0.0,0.0083,0.0,0.0,0.0,0.0
LRRC4C,0.0,0.0048,0.006,0.0,0.0001,0.0,0.0,0.0,0.0004,0.0025,0.0186,0.0,0.0106,0.0,0.0,0.0
LSR,0.0011,0.0007,0.0003,0.0013,0.003,0.0038,0.0013,0.0119,0.0953,0.1572,0.0712,0.0001,0.0339,0.0033,0.0004,0.0017
LTBR,0.0001,0.0478,0.0404,0.0201,0.0336,0.0001,0.0001,0.0353,0.0274,0.0877,0.0309,0.0468,0.038,0.0004,0.0001,0.0001
LY6G6C,0.0,0.0,0.0,0.0,0.0,0.0,0.0,0.0,0.0006,0.0002,0.0096,0.0,0.0005,0.0,0.0,0.0
LY96,0.0026,0.028,0.0219,0.0063,0.0118,0.0037,0.0004,0.0338,0.0002,0.0076,0.0,0.2826,0.0001,0.0167,0.0005,0.0112
LYVE1,0.0,0.0,0.0,0.0,0.0007,0.0,0.0,0.0056,0.0,0.0024,0.0,0.4015,0.0,0.0,0.0,0.0
MAG,0.0,0.0,0.0,0.0,0.0,0.0,0.0,0.0071,0.0,0.0,0.0002,0.0,0.0018,0.0,0.0,0.0
MAGED1,0.0002,0.0746,0.0536,0.0083,0.0067,0.0013,0.0017,0.0062,0.0176,0.0343,0.0325,0.0005,0.0137,0.005,0.0033,0.0012
MARCO,0.0,0.0,0.0,0.0,0.0,0.0,0.0,0.0,0.0057,0.0054,0.0001,0.17,0.0,0.0,0.0,0.0
MAS1,0.0,0.0,0.0012,0.0,0.0,0.0003,0.0,0.0,0.0,0.0001,0.0006,0.0,0.0,0.0,0.0,0.0003
MC1R,0.0001,0.0022,0.0028,0.0027,0.0001,0.0001,0.0001,0.0002,0.0014,0.0021,0.0002,0.0002,0.0018,0.0,0.0,0.0
MC2R,0.0,0.0,0.0,0.0,0.0,0.0,0.0,0.0,0.0,0.0008,0.0,0.0,0.0,0.0,0.0,0.0
MC3R,0.0,0.0,0.0,0.0,0.0,0.0,0.0,0.0,0.0,0.0,0.0,0.0,0.0,0.0,0.0,0.0
MC4R,0.0,0.0,0.0,0.0,0.0,0.0,0.0,0.0,0.0,0.0,0.0,0.0,0.0,0.0005,0.0,0.0
MC5R,0.0,0.0,0.0,0.0,0.0,0.0,0.0,0.0,0.0,0.0,0.0,0.0,0.0,0.0,0.0,0.0
MCAM,0.0,0.0002,0.0,0.4825,0.2636,0.0,0.0,0.1011,0.0004,0.0033,0.0,0.0,0.0104,0.0,0.0,0.0001
MCHR1,0.0,0.0003,0.0,0.0008,0.0107,0.0,0.0,0.0,0.0,0.0,0.0011,0.0,0.0,0.0,0.0,0.0
MCHR2,0.0,0.0,0.0,0.0,0.0,0.0,0.0,0.0,0.0001,0.0,0.0,0.0,0.0,0.0,0.0,0.0
MERTK,0.0,0.0,0.0021,0.0038,0.0009,0.0,0.0,0.0028,0.0001,0.0001,0.0,0.2219,0.001,0.0003,0.0,0.0
MET,0.0,0.0001,0.0,0.0,0.0,0.0,0.0,0.0598,0.0148,0.128,0.0069,0.0,0.0257,0.0,0.0,0.0
MFRP,0.0,0.0,0.0,0.0,0.0,0.0,0.0,0.0017,0.0,0.0,0.0,0.0,0.0,0.0,0.0,0.0
MLNR,0.0,0.0,0.0,0.0,0.0,0.0,0.0,0.0,0.0,0.0,0.0,0.0,0.0,0.0,0.0,0.0
MMP24,0.0,0.0007,0.0,0.0,0.0,0.0,0.0,0.0012,0.0,0.0,0.0,0.0,0.0018,0.0,0.0,0.0
MOG,0.0013,0.0,0.0,0.0,0.0,0.0,0.0,0.0,0.0002,0.0,0.0,0.0,0.0,0.0,0.0,0.0
MPL,0.0,0.0,0.0,0.0,0.0,0.0002,0.0,0.0,0.0001,0.0007,0.0,0.0,0.0021,0.0,0.0,0.0
MRC2,0.0,0.1635,0.1828,0.004,0.004,0.0001,0.0,0.0001,0.0003,0.0092,0.0,0.0013,0.0153,0.0,0.0,0.0001
MRGPRX1,0.0,0.0,0.0,0.0,0.0,0.0,0.0,0.0,0.0,0.0,0.0,0.0,0.0,0.0,0.0,0.0
MRGPRX2,0.0,0.0,0.0,0.0,0.0,0.0,0.0,0.0,0.0,0.0,0.0,0.0,0.0,0.0,0.0,0.0
MST1R,0.0,0.0002,0.0004,0.0,0.0,0.0,0.0,0.0007,0.0031,0.0119,0.0011,0.0,0.0003,0.0001,0.0,0.0001
MTNR1A,0.0,0.0,0.0,0.0,0.0,0.0,0.0,0.0,0.0,0.0,0.0,0.0,0.0,0.0,0.0,0.0
MTNR1B,0.0,0.0,0.0,0.0,0.0,0.0,0.0,0.0,0.0,0.0,0.0,0.0,0.0,0.0,0.0,0.0
MUSK,0.0,0.0016,0.0005,0.0,0.0,0.0,0.0,0.0,0.0,0.0,0.0,0.0,0.0,0.0,0.0,0.0
NCR3,0.0462,0.0,0.0,0.0,0.0,0.0019,0.0279,0.0,0.0,0.0,0.0,0.0,0.0,0.0,0.0733,0.0393
NCSTN,0.0025,0.0099,0.0173,0.0021,0.0022,0.0028,0.0039,0.0122,0.0046,0.0111,0.0184,0.0206,0.0118,0.0013,0.007,0.0047
NEO1,0.0001,0.0076,0.0278,0.0027,0.0017,0.0002,0.0,0.0,0.0018,0.002,0.0108,0.0,0.0256,0.0,0.0,0.0
NGFR,0.0,0.0027,0.0026,0.0015,0.0016,0.0,0.0001,0.0,0.0,0.0,0.0,0.0,0.3566,0.0,0.0,0.0
NGFRAP1,0.0002,0.0894,0.1842,0.0642,0.093,0.002,0.0004,0.0726,0.0654,0.1724,0.0701,0.0043,0.1763,0.0003,0.0024,0.0051
NMBR,0.0,0.0,0.0,0.0,0.0,0.0,0.0,0.0,0.0,0.0,0.0,0.0,0.0,0.0012,0.0,0.0
NMUR1,0.0,0.0001,0.0,0.0,0.0005,0.0,0.0131,0.0,0.0,0.0,0.0,0.0,0.0,0.0,0.013,0.0
NMUR2,0.0,0.0,0.0014,0.0,0.0,0.0,0.0,0.0005,0.0,0.0,0.0,0.0,0.0,0.0,0.0,0.0
NOTCH1,0.0017,0.0038,0.0001,0.0028,0.017,0.0011,0.0027,0.0743,0.0008,0.0033,0.0005,0.0055,0.0062,0.0001,0.0081,0.0021
NOTCH2,0.0025,0.0312,0.0712,0.0048,0.0117,0.0013,0.0024,0.0,0.0121,0.0374,0.02,0.0148,0.0075,0.0011,0.0052,0.0022
NOTCH3,0.0,0.0253,0.0025,0.3428,0.6207,0.0,0.0,0.0004,0.0047,0.0099,0.006,0.0,0.0004,0.0,0.0,0.0
NOTCH4,0.0005,0.0003,0.0004,0.0006,0.0001,0.0,0.0,0.4669,0.0001,0.0002,0.0,0.0007,0.0112,0.0004,0.0001,0.0
NPBWR1,0.0,0.0,0.0,0.0,0.0,0.0,0.0,0.0,0.0,0.0,0.0,0.0,0.0,0.0,0.0015,0.0
NPBWR2,0.0,0.0,0.0,0.0,0.0,0.0,0.0,0.0,0.0,0.0,0.0,0.0,0.0,0.0,0.0,0.0
NPFFR1,0.0,0.0,0.0,0.0,0.0,0.0,0.0001,0.0,0.0002,0.0001,0.0,0.0028,0.0,0.0,0.0,0.0
NPFFR2,0.0,0.0,0.0,0.0,0.0,0.0,0.0,0.0,0.0,0.0,0.0187,0.0,0.0,0.0,0.0,0.0
NPR1,0.0,0.0001,0.0069,0.0,0.0004,0.0,0.0,0.1628,0.0,0.0,0.0,0.0,0.0,0.0,0.0,0.0
NPR2,0.0,0.0077,0.0191,0.0029,0.0006,0.0,0.0,0.0006,0.0,0.001,0.0,0.0,0.0005,0.0,0.0,0.0001
NPR3,0.0,0.0066,0.0001,0.0005,0.0,0.0,0.0,0.0014,0.0027,0.0031,0.0,0.0,0.0006,0.0,0.0,0.0
NPSR1,0.0,0.0,0.0,0.0,0.0,0.0,0.0,0.0,0.0,0.0,0.0,0.0,0.0,0.0,0.0,0.0
NPTN,0.0001,0.0208,0.0202,0.0136,0.0088,0.0003,0.0008,0.01,0.0014,0.0087,0.0081,0.0188,0.0233,0.0001,0.0026,0.0028
NPY1R,0.0,0.0,0.0004,0.0828,0.0222,0.0,0.0,0.0,0.0018,0.0001,0.0157,0.0,0.0,0.0,0.0,0.0
NPY2R,0.0,0.0001,0.0,0.0,0.0,0.0,0.0,0.0,0.0002,0.0,0.0016,0.0,0.0,0.0,0.0,0.0
NPY4R,0.0,0.0,0.0,0.0,0.0,0.0,0.0,0.0,0.0,0.0,0.0,0.0,0.0,0.0,0.0,0.0
NPY5R,0.0,0.0,0.0,0.0204,0.0,0.0,0.0,0.0,0.0001,0.0,0.0001,0.0,0.0,0.0,0.0,0.0
NRCAM,0.0,0.0006,0.004,0.0005,0.0,0.0,0.0,0.0046,0.0001,0.0485,0.0,0.0,0.0018,0.0,0.0,0.0
NRP1,0.0,0.0317,0.0058,0.0184,0.0786,0.0,0.0,0.1841,0.0003,0.0251,0.0006,0.0536,0.0043,0.0003,0.0,0.0
NRP2,0.0001,0.0973,0.0014,0.0017,0.0003,0.0,0.0,0.0472,0.0002,0.0253,0.0,0.1378,0.0426,0.0,0.0,0.0
NRSN1,0.0,0.0,0.0,0.0,0.0,0.0,0.0003,0.0,0.0,0.0,0.0,0.0,0.0,0.0,0.0,0.0
NRXN1,0.0,0.0,0.0,0.0,0.0,0.0,0.0,0.0,0.0,0.0,0.0637,0.0,0.0041,0.0,0.0,0.0
NRXN2,0.0,0.0158,0.101,0.0027,0.022,0.0,0.0,0.0001,0.0,0.0,0.0,0.0,0.0006,0.0,0.0,0.0
NRXN3,0.0,0.0007,0.0004,0.0097,0.0011,0.0,0.0,0.0,0.0002,0.0004,0.0092,0.0,0.0032,0.0,0.0,0.0
NT5E,0.0089,0.1082,0.0187,0.0005,0.0005,0.0001,0.0,0.0188,0.0006,0.0987,0.0001,0.0001,0.0012,0.0,0.0,0.0
NTRK1,0.0,0.0007,0.0251,0.0,0.0,0.0,0.0013,0.0,0.0,0.0,0.0,0.0,0.0,0.0,0.0012,0.0112
NTRK2,0.0,0.0015,0.0001,0.2664,0.009,0.0,0.0,0.0001,0.01,0.0129,0.0013,0.0,0.2023,0.0,0.0002,0.0002
NTRK3,0.0,0.0002,0.0076,0.1195,0.0017,0.0,0.0,0.0,0.0001,0.0,0.0004,0.0,0.0019,0.0,0.0,0.0
NTSR1,0.0,0.0,0.0,0.0,0.0,0.0001,0.0005,0.0,0.0001,0.0098,0.0,0.0001,0.0,0.0,0.0041,0.0
NTSR2,0.0,0.0,0.0,0.0,0.0,0.0,0.0,0.0,0.0,0.0009,0.0,0.0,0.0,0.0,0.0,0.0
OCLN,0.0001,0.0,0.0013,0.0,0.0001,0.0,0.0,0.0003,0.0148,0.0122,0.091,0.0006,0.0048,0.0001,0.0,0.0
OGFR,0.0115,0.0136,0.0213,0.0048,0.0065,0.0213,0.0258,0.0119,0.007,0.018,0.01,0.0244,0.0131,0.0027,0.0304,0.0191
OLR1,0.0,0.0,0.0,0.0,0.0,0.0,0.0,0.0,0.0,0.0002,0.0,0.3862,0.0,0.0,0.0001,0.0001
OPRD1,0.0,0.0,0.0003,0.0,0.0,0.0,0.0,0.0,0.0002,0.0001,0.0013,0.0,0.0,0.0,0.0,0.0
OPRK1,0.0,0.0,0.0,0.0,0.0,0.0,0.0,0.0,0.0029,0.0056,0.0,0.0,0.0,0.0001,0.0,0.0
OPRL1,0.0004,0.0002,0.0,0.0,0.0,0.0001,0.0001,0.0001,0.0002,0.0008,0.0,0.0098,0.0,0.0001,0.0,0.0003
OPRM1,0.0,0.0,0.0,0.0,0.0,0.0,0.0001,0.0002,0.0,0.0,0.0,0.0,0.0,0.0003,0.0008,0.0012
OR1E1,0.0,0.0,0.0,0.0,0.0,0.0,0.0,0.0,0.0,0.0,0.0,0.0,0.0,0.0,0.0,0.0
OR1G1,0.0,0.0,0.0,0.0,0.0,0.0,0.0,0.0,0.0,0.0,0.0,0.0,0.0,0.0,0.0,0.0
ORAI2,0.1363,0.0062,0.0034,0.0014,0.0074,0.0044,0.0052,0.0169,0.0043,0.0228,0.0058,0.0052,0.0015,0.029,0.0114,0.0058
OSMR,0.0,0.0552,0.0044,0.0405,0.0333,0.0,0.0,0.0184,0.007,0.0244,0.0035,0.0,0.0213,0.0,0.0,0.0
OXTR,0.0,0.0,0.0,0.0,0.0,0.0,0.0,0.0001,0.0,0.0,0.0,0.0,1.1888,0.0,0.0,0.0
P2RX7,0.0003,0.0001,0.0004,0.0006,0.001,0.0008,0.003,0.0004,0.0001,0.0004,0.0001,0.041,0.0002,0.0003,0.0038,0.0082
P2RY12,0.0005,0.0,0.0003,0.0,0.0,0.0,0.0,0.0,0.0,0.0,0.0,0.0328,0.0,0.0,0.0,0.0
P2RY14,0.0057,0.0,0.0002,0.0139,0.1438,0.0001,0.0001,0.0001,0.0,0.0,0.0,0.0016,0.0,0.0021,0.0001,0.0001
PDGFRA,0.0,0.1862,0.5288,0.0,0.0001,0.0,0.0,0.0001,0.0001,0.0001,0.0,0.0,0.0009,0.0001,0.0,0.0
PDGFRB,0.0,0.1514,0.1627,0.211,0.5279,0.0,0.0,0.0006,0.0,0.0004,0.0,0.0,0.0003,0.0,0.0,0.0
PECAM1,0.0006,0.0,0.0,0.0,0.0,0.0002,0.0055,1.0704,0.0,0.0003,0.0001,0.0535,0.0,0.0591,0.0064,0.0001
PGRMC1,0.0004,0.0659,0.1159,0.0161,0.0204,0.0012,0.0012,0.0186,0.0819,0.1374,0.0688,0.0045,0.0704,0.0009,0.0115,0.0018
PHEX,0.0001,0.0,0.0,0.0,0.0,0.0,0.0004,0.0002,0.0008,0.0012,0.0052,0.0,0.0,0.0043,0.0031,0.0003
PLA2R1,0.0,0.0212,0.0497,0.0001,0.0023,0.0,0.0,0.0013,0.0027,0.003,0.0093,0.0,0.007,0.0,0.0,0.0
PLAUR,0.0003,0.1221,0.0027,0.0036,0.0055,0.0005,0.0007,0.0046,0.0209,0.0969,0.0051,0.6007,0.0076,0.0011,0.0004,0.0005
PLD2,0.0003,0.0017,0.002,0.0001,0.0009,0.0001,0.0001,0.0111,0.0039,0.0092,0.007,0.0075,0.0018,0.0001,0.0023,0.0007
PLGRKT,0.0027,0.0134,0.006,0.0043,0.0101,0.0048,0.0056,0.0055,0.007,0.0326,0.0936,0.0138,0.0071,0.0011,0.0441,0.0124
PLSCR4,0.0,0.0269,0.0895,0.0197,0.0174,0.0,0.0,0.0123,0.0017,0.0074,0.0036,0.0,0.0039,0.0,0.0001,0.0
PLXNA1,0.0001,0.0209,0.008,0.0044,0.0148,0.0001,0.0,0.0014,0.0012,0.0322,0.0007,0.001,0.0093,0.0,0.0001,0.0002
PLXNA2,0.0,0.0011,0.0003,0.0012,0.0007,0.0,0.0,0.161,0.0004,0.0019,0.0001,0.001,0.0005,0.0,0.0,0.0
PLXNA3,0.002,0.0029,0.0044,0.0025,0.0019,0.001,0.0011,0.0,0.0041,0.0035,0.0081,0.0022,0.0,0.0002,0.0007,0.0014
PLXNA4,0.0,0.0052,0.0482,0.0,0.0,0.0,0.0,0.0011,0.0004,0.0006,0.0005,0.0,0.0001,0.0004,0.0,0.0
PLXNB1,0.0,0.0006,0.0007,0.0046,0.0086,0.0,0.0,0.0004,0.0013,0.004,0.0159,0.0,0.0279,0.0,0.0,0.0001
PLXNB2,0.0001,0.0284,0.021,0.0061,0.0121,0.0,0.0,0.0051,0.0042,0.0219,0.027,0.0339,0.0272,0.0009,0.0004,0.0002
PLXNB3,0.0,0.0,0.0,0.0,0.0,0.0,0.0,0.0009,0.0013,0.001,0.0008,0.0,0.0,0.0,0.0,0.0
PLXNC1,0.0014,0.0234,0.0056,0.0,0.0,0.0004,0.0014,0.0001,0.0,0.0005,0.0032,0.073,0.0001,0.0016,0.0018,0.0003
PLXND1,0.0,0.0065,0.0074,0.0074,0.0135,0.0001,0.0002,0.1568,0.0011,0.0181,0.0033,0.0647,0.0004,0.0001,0.0002,0.0
PRLHR,0.0,0.0,0.0,0.0,0.0,0.0,0.0001,0.0,0.0,0.0,0.0,0.0,0.0,0.0,0.0,0.0
PRLR,0.0001,0.0003,0.0,0.0,0.0,0.0,0.0,0.0001,0.0471,0.0569,0.2245,0.0002,0.0005,0.0002,0.0,0.0001
PROCR,0.0,0.0153,0.008,0.0391,0.2246,0.0,0.0,0.044,0.0002,0.0161,0.0001,0.0021,0.0097,0.0,0.0,0.0
PROKR1,0.0,0.0,0.0,0.0,0.0,0.0,0.0,0.0,0.0001,0.0,0.0,0.0,0.0,0.0,0.0,0.0
PROKR2,0.0,0.0,0.0,0.0,0.0,0.0,0.0003,0.0,0.0,0.0,0.0,0.0,0.0,0.0,0.0,0.0
PTCH1,0.0,0.0006,0.0026,0.0052,0.001,0.0002,0.0001,0.0028,0.0004,0.0003,0.0,0.0,0.0049,0.0,0.0,0.0001
PTCH2,0.0003,0.001,0.0052,0.0026,0.0021,0.0,0.0004,0.0001,0.0004,0.0002,0.0005,0.0025,0.0012,0.0008,0.0005,0.0
PTGDR,0.0,0.0001,0.0,0.0128,0.0022,0.0043,0.0734,0.0,0.0,0.0,0.0,0.0,0.0,0.0001,0.0111,0.0001
PTGDR2,0.0,0.0,0.0,0.0043,0.062,0.0,0.0,0.0,0.0,0.0,0.0,0.0,0.0,0.0,0.0,0.0
PTGIR,0.0,0.0133,0.0007,0.0814,0.0821,0.0,0.0,0.0,0.0,0.0001,0.0,0.0005,0.0002,0.0,0.0001,0.002
PTH1R,0.0,0.0039,0.0346,0.0,0.0126,0.0,0.0,0.0002,0.0,0.0,0.0,0.0,0.0,0.0,0.0,0.0
PTH2R,0.0,0.001,0.011,0.0005,0.0012,0.0,0.0,0.0,0.0049,0.0016,0.0,0.0,0.0,0.0,0.0,0.0001
PTPRA,0.0028,0.011,0.0111,0.0065,0.0262,0.003,0.0125,0.0126,0.0083,0.0275,0.0091,0.0073,0.005,0.001,0.0214,0.0116
PTPRB,0.0,0.0,0.0,0.0,0.0,0.0,0.0,0.5746,0.0001,0.0001,0.0,0.0,0.0,0.0,0.0,0.0
PTPRD,0.0,0.0741,0.0082,0.001,0.0,0.0,0.0,0.0,0.0,0.0,0.0001,0.0,0.0,0.0,0.0,0.0
PTPRF,0.0001,0.0035,0.0009,0.0057,0.0005,0.0001,0.0002,0.0002,0.0938,0.0857,0.1441,0.0001,0.036,0.0004,0.0003,0.0001
PTPRG,0.0,0.0094,0.0706,0.0306,0.0297,0.0,0.0,0.0544,0.0001,0.0021,0.0013,0.0,0.0042,0.0001,0.0,0.0
PTPRM,0.0,0.0061,0.0075,0.0034,0.0021,0.0,0.0001,0.2174,0.0,0.0011,0.0002,0.0013,0.0006,0.0,0.0,0.0001
PTPRS,0.0,0.0126,0.0883,0.0047,0.0343,0.0,0.0,0.0,0.0027,0.0085,0.0011,0.0,0.0137,0.0054,0.0001,0.0
PTPRU,0.0,0.0107,0.0047,0.0002,0.0044,0.0,0.0,0.0004,0.002,0.0023,0.0013,0.0,0.0028,0.0,0.0,0.0
PTPRZ1,0.0002,0.0,0.0,0.0002,0.0002,0.0,0.0,0.0,0.0574,0.0324,0.0,0.0,0.0052,0.0,0.0,0.0
PVR,0.0,0.0031,0.0005,0.0018,0.0014,0.0,0.0001,0.0144,0.0054,0.0312,0.0073,0.0031,0.002,0.0,0.0015,0.0
PVRL1,0.0,0.0012,0.0007,0.0025,0.0071,0.0,0.0,0.0004,0.0069,0.0221,0.0032,0.0001,0.024,0.0006,0.0001,0.0
PVRL2,0.0,0.0455,0.0085,0.0098,0.0335,0.0001,0.0001,0.1375,0.0246,0.054,0.2195,0.0286,0.0191,0.0003,0.0,0.0001
PVRL3,0.0,0.0017,0.0044,0.0042,0.0019,0.0002,0.0003,0.0006,0.0001,0.0184,0.0022,0.0,0.0031,0.0001,0.0013,0.0003
PVRL4,0.0003,0.0,0.0,0.0006,0.0,0.0001,0.0,0.0,0.101,0.0382,0.0868,0.0001,0.0016,0.0002,0.0,0.0
QRFPR,0.0,0.0,0.0,0.0,0.0,0.0,0.0,0.0,0.003,0.025,0.0,0.0,0.0022,0.0,0.0,0.0
RAMP1,0.0,0.1483,0.0227,0.0103,0.0002,0.0,0.0001,0.0,0.0005,0.0312,0.0273,0.0003,0.0188,0.0,0.0001,0.0
RAMP2,0.0,0.0008,0.0074,0.0002,0.0001,0.0,0.0,1.8948,0.0001,0.0001,0.0032,0.0,0.0003,0.0,0.0,0.0
RAMP3,0.0,0.0004,0.0009,0.0005,0.0004,0.0,0.0,1.1031,0.0,0.0,0.0002,0.0,0.0001,0.0,0.0,0.0
RET,0.0,0.0,0.0135,0.0004,0.0036,0.0,0.0,0.0,0.0005,0.0024,0.0022,0.0,0.0001,0.0007,0.0,0.0
RHAG,0.0,0.0,0.0,0.0,0.0,0.0,0.0,0.0,0.0,0.0,0.0,0.0,0.0,0.0,0.0,0.0
RHBDL2,0.0,0.0001,0.0001,0.0002,0.0074,0.0,0.0,0.0007,0.0242,0.0523,0.0048,0.0,0.001,0.0,0.0,0.0
ROBO1,0.0,0.0258,0.021,0.008,0.013,0.0,0.0,0.0098,0.0017,0.0167,0.0005,0.0001,0.0006,0.0001,0.0,0.0
ROBO2,0.0,0.0001,0.0,0.0,0.0,0.0,0.0,0.0,0.0001,0.0088,0.0013,0.0,0.0,0.0,0.0,0.0
ROBO3,0.0,0.0134,0.0004,0.0,0.0,0.0001,0.0002,0.0123,0.0009,0.0022,0.0001,0.0017,0.0402,0.0001,0.0005,0.0
ROBO4,0.0,0.0,0.0,0.0,0.0,0.0,0.0,0.4636,0.0,0.0,0.0,0.0,0.0,0.0,0.0,0.0
ROR1,0.0001,0.0048,0.0668,0.0009,0.0023,0.0,0.0,0.0005,0.0031,0.0309,0.0,0.0,0.0014,0.0,0.0,0.0
ROR2,0.0,0.0868,0.0326,0.0011,0.0003,0.0,0.0,0.0006,0.0,0.0,0.0035,0.0001,0.0005,0.0,0.0,0.0
RPSA,0.2512,0.1144,0.1416,0.1228,0.1314,0.254,0.1869,0.1042,0.134,0.1806,0.1352,0.1009,0.1319,0.056,0.2317,0.1853
RTN4R,0.0,0.0002,0.0235,0.0,0.0,0.0001,0.0005,0.0005,0.0006,0.0013,0.0006,0.0,0.0008,0.0,0.0002,0.0002
RTN4RL1,0.0,0.0003,0.0,0.0012,0.001,0.0,0.0,0.0001,0.0011,0.0022,0.0103,0.0,0.0,0.0,0.0,0.0
RXFP1,0.0,0.0,0.0001,0.0031,0.0,0.0,0.0,0.0,0.0,0.0,0.0,0.0001,0.0,0.0,0.0,0.0
RXFP2,0.0,0.0,0.0,0.0,0.0,0.0,0.0,0.0,0.0,0.0,0.0,0.0,0.0009,0.0,0.0,0.0
RXFP3,0.0,0.0,0.0,0.0,0.0,0.0,0.0,0.0,0.0,0.0,0.0,0.0,0.0,0.0,0.0,0.0
RXFP4,0.0,0.0,0.0,0.0,0.0,0.0,0.0,0.0,0.0001,0.0,0.0,0.0001,0.0,0.0,0.0,0.0
RYK,0.0019,0.0064,0.0138,0.0095,0.0077,0.0003,0.0004,0.0125,0.0096,0.0254,0.0108,0.0015,0.0087,0.0001,0.0002,0.0004
S1PR1,0.009,0.0,0.0006,0.0001,0.0,0.045,0.0021,0.5025,0.0,0.0,0.0,0.0009,0.0001,0.0,0.0007,0.0007
S1PR3,0.0,0.009,0.0015,0.071,0.1275,0.0,0.0,0.0002,0.0007,0.0034,0.0105,0.0,0.0001,0.0,0.0,0.0
S1PR4,0.0159,0.0,0.0,0.0,0.0,0.0468,0.0279,0.0004,0.0,0.0,0.0,0.0032,0.0,0.0016,0.0583,0.0296
S1PR5,0.0,0.0003,0.0,0.0046,0.0081,0.0,0.0102,0.0,0.0001,0.0003,0.0,0.0,0.003,0.0,0.0006,0.0
SCARB1,0.0001,0.0014,0.0005,0.0,0.0002,0.0002,0.0001,0.3002,0.0056,0.0074,0.0026,0.0316,0.0074,0.0004,0.0004,0.0
SCARF1,0.0,0.0001,0.0,0.0,0.0034,0.0,0.0,0.1835,0.0,0.0,0.0,0.0139,0.0,0.0,0.0,0.0
SCN5A,0.0,0.0,0.0,0.0036,0.0019,0.0,0.0,0.0,0.0,0.0001,0.0,0.0,0.0,0.0,0.0,0.0
SCN8A,0.0,0.0007,0.0,0.0,0.0,0.0,0.0001,0.0,0.0002,0.0142,0.0,0.0,0.0038,0.0,0.0,0.0001
SCTR,0.0,0.0,0.0,0.0,0.0,0.0,0.0,0.0,0.0003,0.0,0.0,0.0001,0.0,0.0,0.0,0.0
SDC1,0.0,0.0896,0.0042,0.0,0.0,0.0,0.0001,0.0001,0.048,0.19,0.0048,0.0001,0.0342,0.0826,0.0,0.0001
SDC2,0.0,0.0891,0.0404,0.205,0.0836,0.0,0.0,0.0002,0.0143,0.0188,0.0094,0.0013,0.0333,0.0,0.0,0.0
SDC3,0.0,0.0062,0.0358,0.0002,0.0004,0.0,0.0,0.0041,0.0015,0.0093,0.016,0.1204,0.0223,0.0,0.0,0.0
SDC4,0.0001,0.0064,0.0048,0.0001,0.0,0.0003,0.0006,0.0003,0.0575,0.0563,0.219,0.0017,0.0862,0.0003,0.0132,0.0081
SELE,0.0,0.0,0.0,0.0,0.0,0.0,0.0,0.3118,0.0,0.0,0.0,0.0,0.0,0.0,0.0,0.0
SELL,0.2577,0.0,0.0,0.0,0.0,0.3208,0.0181,0.0003,0.0,0.0,0.0,0.0045,0.0,0.0025,0.026,0.1198
SELP,0.0,0.0,0.0,0.0002,0.0,0.0001,0.0,0.2045,0.0,0.0,0.0,0.0,0.0002,0.0,0.0,0.0002
SIRPA,0.0,0.0046,0.0015,0.0001,0.0005,0.0,0.0,0.0096,0.0042,0.0156,0.0,0.3428,0.0087,0.0001,0.0001,0.0
SIRPB1,0.0,0.0004,0.0,0.0,0.0001,0.0,0.0001,0.0007,0.0001,0.0026,0.0,0.0751,0.0017,0.0002,0.0,0.0003
SIRPG,0.0,0.0,0.0,0.0,0.0,0.0536,0.1019,0.0,0.0,0.0,0.0,0.0,0.0,0.0,0.1822,0.1883
SLC16A2,0.0,0.0115,0.0134,0.001,0.0103,0.0,0.0,0.0019,0.0008,0.0015,0.002,0.0,0.0047,0.0,0.0,0.0
SLC16A4,0.0012,0.0078,0.0322,0.0055,0.011,0.0,0.0,0.0003,0.0006,0.0038,0.0297,0.0,0.0051,0.0,0.0001,0.0001
SLC17A7,0.0,0.001,0.0226,0.0003,0.0192,0.0,0.0,0.0,0.0,0.0,0.0,0.0,0.0002,0.0,0.0,0.0
SLC18A2,0.0002,0.0,0.0,0.0,0.0,0.0,0.0001,0.0001,0.0008,0.0016,0.0,0.0002,0.0,0.0005,0.0,0.0009
SLC18A3,0.0,0.0,0.0,0.0,0.0,0.0,0.0,0.0,0.0,0.0,0.0,0.0,0.0,0.0,0.0,0.0
SLC37A1,0.0032,0.0008,0.0011,0.0009,0.0024,0.0013,0.003,0.0007,0.006,0.0067,0.0204,0.0034,0.0027,0.0012,0.0106,0.0035
SLC40A1,0.0,0.0141,0.1546,0.0129,0.0207,0.0029,0.0002,0.01,0.003,0.0023,0.1208,0.1593,0.001,0.0002,0.0001,0.0001
SLC44A5,0.0,0.0,0.0001,0.0,0.0,0.0,0.0,0.0003,0.0002,0.0001,0.0093,0.0,0.0005,0.0,0.0,0.0
SLC45A3,0.0005,0.0002,0.0012,0.0002,0.0002,0.0,0.0,0.0022,0.0013,0.0021,0.0,0.0003,0.0025,0.0,0.0,0.0
SLC5A11,0.0001,0.0,0.0002,0.0,0.0,0.0,0.0,0.0,0.0013,0.0001,0.0,0.0,0.0,0.0,0.001,0.0
SLC9C2,0.0,0.0,0.0003,0.0,0.0,0.0,0.0,0.0,0.0,0.0,0.0,0.0,0.0,0.0008,0.0,0.0
SMO,0.0,0.0045,0.0167,0.0037,0.0024,0.0,0.0,0.0,0.0008,0.0011,0.0012,0.0,0.0002,0.0,0.0,0.0
SORCS3,0.0,0.0,0.0058,0.0,0.0,0.0,0.0,0.0,0.0,0.0,0.0,0.0,0.0,0.0,0.0,0.0
SORL1,0.0076,0.0,0.0,0.0013,0.0001,0.0549,0.0165,0.0001,0.0031,0.0037,0.0484,0.0522,0.0004,0.0006,0.0013,0.0057
SORT1,0.0,0.0014,0.0,0.0658,0.0232,0.0,0.0,0.0039,0.006,0.0058,0.0427,0.02,0.0036,0.0001,0.0,0.0
SSTR1,0.0,0.0001,0.0366,0.0,0.0,0.0,0.0,0.0007,0.0,0.0,0.0,0.0,0.0,0.0,0.0,0.0
SSTR2,0.0001,0.0011,0.0002,0.0901,0.147,0.0,0.0,0.0004,0.0003,0.0003,0.0037,0.0002,0.0001,0.0018,0.0,0.0
SSTR3,0.0001,0.0,0.0,0.0,0.0,0.0013,0.0001,0.0,0.0,0.0,0.0,0.0,0.0,0.0009,0.0,0.0032
SSTR4,0.0,0.0,0.0,0.0,0.0,0.0,0.0,0.0,0.0,0.0,0.0,0.0,0.0,0.0,0.0,0.0
SSTR5,0.0,0.0,0.0,0.0,0.0,0.0,0.0,0.0,0.0,0.0,0.0,0.0,0.0,0.0,0.0,0.0
ST14,0.0004,0.0,0.0,0.0,0.0001,0.0,0.0,0.0,0.0217,0.0498,0.0458,0.0169,0.0204,0.0007,0.0,0.0
STRA6,0.0,0.045,0.2909,0.0,0.0,0.0,0.0,0.0001,0.0,0.0,0.0,0.0,0.0034,0.0,0.0,0.0
TACR1,0.0,0.0,0.0,0.0,0.0,0.0,0.0,0.0907,0.0018,0.0032,0.0,0.0,0.0,0.0,0.0,0.0
TACR2,0.0,0.0,0.0,0.0,0.0003,0.0,0.0,0.0018,0.0004,0.0001,0.0004,0.001,0.0012,0.0,0.0,0.0
TACR3,0.0,0.0,0.0,0.0,0.0,0.0,0.0,0.0,0.0,0.0,0.0,0.0,0.0,0.0,0.0,0.0
TBXA2R,0.0002,0.0056,0.0015,0.0036,0.0113,0.0001,0.0,0.0239,0.0,0.0039,0.0,0.0,0.0,0.0,0.0001,0.0
TEK,0.0,0.0,0.0,0.0,0.0,0.0,0.0,0.2537,0.0,0.0,0.0,0.0,0.0,0.0,0.0,0.0
TFR2,0.0,0.0034,0.0,0.0,0.0007,0.0005,0.0004,0.0,0.0012,0.0038,0.0,0.0,0.0,0.0,0.0007,0.0
TFRC,0.0016,0.0033,0.0012,0.0013,0.0046,0.0012,0.0029,0.0015,0.0086,0.0264,0.0107,0.1127,0.0061,0.0012,0.0142,0.0097
TGFBR1,0.0005,0.0181,0.0056,0.0009,0.0075,0.0005,0.0019,0.0017,0.0037,0.0092,0.0092,0.032,0.0003,0.0006,0.0012,0.0014
TGFBR2,0.0165,0.029,0.0075,0.0037,0.0086,0.0502,0.035,0.2759,0.0007,0.0152,0.0003,0.0498,0.0074,0.0009,0.0163,0.0063
TGFBR3,0.0,0.0158,0.1235,0.0046,0.0065,0.0025,0.0082,0.0486,0.0007,0.0011,0.0007,0.0,0.0211,0.0,0.0047,0.0008
THBD,0.0,0.0006,0.0024,0.0092,0.0066,0.0,0.0,0.2203,0.0,0.0007,0.0,0.2,0.0002,0.0004,0.0,0.0
TIE1,0.0,0.0,0.0001,0.0,0.0,0.0,0.0,0.5436,0.0,0.0,0.0,0.0,0.0,0.0,0.0001,0.0
TLR1,0.003,0.0,0.0,0.0,0.0,0.0002,0.0004,0.0005,0.0,0.0017,0.0002,0.1416,0.0001,0.0002,0.0001,0.0001
TLR2,0.0,0.0001,0.0,0.0,0.0,0.0,0.0,0.0,0.0008,0.0012,0.0008,0.1821,0.0002,0.0001,0.0,0.0
TLR4,0.0,0.0026,0.0025,0.0,0.0,0.0,0.0,0.014,0.0,0.0004,0.0,0.1637,0.0001,0.0,0.0,0.0
TLR5,0.0,0.0004,0.0013,0.002,0.0002,0.0,0.0,0.0002,0.0029,0.0033,0.011,0.047,0.0006,0.0,0.0,0.0
TLR6,0.0099,0.0003,0.0001,0.0,0.0,0.0,0.0,0.0001,0.0001,0.001,0.0,0.0326,0.0,0.0005,0.0,0.0
TLR9,0.0004,0.0,0.0,0.0,0.0,0.0002,0.0,0.0,0.0,0.0,0.0,0.0,0.0,0.0038,0.0,0.0
TMEM222,0.0029,0.0107,0.0184,0.0061,0.0094,0.0054,0.0058,0.0069,0.0122,0.0411,0.0145,0.004,0.009,0.0015,0.0169,0.0065
TMEM67,0.0017,0.0029,0.0125,0.0081,0.0033,0.0002,0.0003,0.0004,0.0044,0.0095,0.0137,0.0001,0.0027,0.0001,0.0002,0.0002
TMEM8A,0.0001,0.0029,0.0007,0.0006,0.002,0.0005,0.0008,0.012,0.0052,0.0178,0.0017,0.0181,0.0013,0.0004,0.0016,0.0005
TMPRSS6,0.0,0.0,0.0,0.0,0.0,0.0,0.0,0.0,0.0,0.0,0.0084,0.0,0.0002,0.0,0.0,0.0056
TNFRSF10A,0.0107,0.0,0.0,0.0,0.0,0.0377,0.0124,0.0099,0.0023,0.0121,0.0011,0.0019,0.0084,0.0003,0.0103,0.0167
TNFRSF10B,0.0016,0.0074,0.0012,0.0012,0.0015,0.0005,0.0011,0.0294,0.0022,0.0213,0.0196,0.0182,0.006,0.0001,0.0024,0.001
TNFRSF10C,0.0,0.0,0.0001,0.0,0.0,0.0001,0.0,0.0323,0.0002,0.0013,0.0071,0.0102,0.0,0.0,0.0,0.0
TNFRSF10D,0.0003,0.0016,0.0035,0.0004,0.0021,0.0022,0.0003,0.1847,0.0001,0.002,0.0021,0.005,0.0405,0.0001,0.0002,0.0004
TNFRSF11A,0.0,0.0,0.0,0.0,0.0,0.0,0.0001,0.0002,0.0023,0.0084,0.0,0.0545,0.0001,0.0,0.0001,0.0003
TNFRSF11B,0.0003,0.0016,0.0001,0.0049,0.0025,0.0,0.0,0.0008,0.1252,0.136,0.0187,0.0001,0.0007,0.0002,0.0,0.0001
TNFRSF12A,0.0003,0.1739,0.005,0.0278,0.0157,0.0002,0.0004,0.002,0.1104,0.3242,0.1568,0.002,0.0708,0.0004,0.0009,0.0005
TNFRSF13B,0.2061,0.0,0.0,0.0,0.0,0.0,0.0,0.0,0.0,0.0,0.0,0.0,0.0,0.0054,0.0019,0.0184
TNFRSF13C,0.5826,0.0,0.0,0.0001,0.0,0.0003,0.0,0.0,0.0001,0.0,0.0,0.0,0.0,0.0021,0.0,0.0
TNFRSF14,0.0273,0.0071,0.0072,0.0019,0.004,0.0584,0.0405,0.0199,0.0017,0.0024,0.012,0.0587,0.0088,0.0114,0.0396,0.0802
TNFRSF17,0.0082,0.0,0.0,0.0002,0.0,0.0,0.0,0.0,0.0,0.0,0.0,0.0,0.0,0.3247,0.0,0.0
TNFRSF18,0.0001,0.0,0.0,0.0,0.0,0.0032,0.0293,0.0001,0.0002,0.0002,0.0009,0.0001,0.0002,0.0009,0.172,0.5918
TNFRSF19,0.0,0.0061,0.0062,0.001,0.0,0.0,0.0,0.0016,0.0021,0.0154,0.0106,0.0,0.0001,0.0,0.0,0.0
TNFRSF1A,0.0,0.0822,0.0701,0.0385,0.0988,0.0035,0.0062,0.0705,0.0108,0.0527,0.0248,0.0841,0.0291,0.0002,0.0094,0.0047
TNFRSF1B,0.0028,0.0004,0.0001,0.0001,0.0007,0.0307,0.0948,0.0186,0.0,0.0022,0.0,0.1601,0.0001,0.0007,0.1838,0.3176
TNFRSF21,0.0,0.0077,0.0443,0.0303,0.0623,0.0,0.0,0.0009,0.0036,0.0131,0.0002,0.0317,0.001,0.0008,0.0,0.0
TNFRSF25,0.0001,0.0,0.0001,0.0002,0.0,0.1018,0.0197,0.0022,0.0001,0.0,0.0001,0.0002,0.0,0.0002,0.0447,0.1186
TNFRSF4,0.0001,0.0004,0.0109,0.0,0.0,0.0144,0.0047,0.0595,0.0,0.0,0.0,0.0008,0.0,0.0006,0.0532,0.6063
TNFRSF6B,0.0,0.0,0.0,0.0,0.0,0.0,0.0,0.0,0.0,0.0,0.0,0.0,0.0,0.0,0.0,0.0
TNFRSF8,0.0,0.0008,0.0006,0.0,0.0,0.0,0.0,0.0043,0.0,0.0,0.0,0.0017,0.0,0.0,0.0055,0.0173
TNFRSF9,0.0,0.0001,0.0,0.0,0.0,0.0001,0.06,0.0,0.0,0.0,0.0,0.0003,0.0,0.0001,0.1255,0.1722
TRAF2,0.0045,0.004,0.002,0.0036,0.0014,0.0055,0.0071,0.0032,0.0026,0.0095,0.0042,0.0015,0.0046,0.0005,0.0366,0.0196
TRAF3,0.0114,0.003,0.0006,0.0027,0.0007,0.0045,0.0087,0.0004,0.0014,0.0065,0.0007,0.0069,0.001,0.0048,0.0218,0.0266
TREM2,0.0,0.0,0.0,0.0,0.0001,0.0001,0.0,0.0,0.0,0.0004,0.0,0.3143,0.2678,0.0,0.0001,0.0
TRHR,0.0,0.0,0.0,0.0,0.0,0.0,0.0,0.0,0.0002,0.0,0.0,0.0,0.0,0.0,0.0,0.0
TSHR,0.0,0.0001,0.0,0.0011,0.0019,0.0003,0.0002,0.0,0.0,0.0,0.0,0.0,0.0,0.0067,0.005,0.0134
TSPAN1,0.0,0.0,0.0,0.0006,0.0,0.0,0.0,0.001,0.0131,0.0077,0.1908,0.0,0.0329,0.0001,0.0,0.0
TYRO3,0.0001,0.0023,0.0079,0.0007,0.0,0.0,0.0,0.001,0.0025,0.0286,0.0,0.0,0.0007,0.0,0.0,0.0001
TYROBP,0.0004,0.0004,0.0,0.0002,0.0004,0.0005,0.0266,0.0003,0.0005,0.0068,0.0001,2.4381,0.0001,0.0087,0.0206,0.0015
UNC5A,0.0,0.0,0.0,0.0,0.0,0.0002,0.0,0.0009,0.0001,0.0013,0.0008,0.0,0.0,0.0,0.0,0.0
UNC5B,0.0,0.0965,0.0054,0.0001,0.0077,0.0,0.0,0.0406,0.0026,0.0376,0.0,0.0009,0.0012,0.0,0.0,0.0
UNC5C,0.0,0.006,0.0,0.0029,0.0026,0.0,0.0,0.0005,0.0,0.0014,0.0,0.0001,0.0144,0.0,0.0,0.0
UNC5D,0.0,0.0,0.0058,0.0,0.0,0.0,0.0,0.0,0.0,0.0,0.0,0.0,0.0,0.0,0.0,0.0
UTS2R,0.0,0.0,0.0,0.0,0.0,0.0,0.0,0.0,0.0,0.0,0.0,0.0,0.0,0.0011,0.0,0.0
VANGL1,0.0,0.0038,0.0035,0.0081,0.0042,0.0,0.001,0.0102,0.0033,0.0345,0.0012,0.0005,0.0028,0.0001,0.0292,0.0026
VIPR1,0.0,0.0,0.0,0.0003,0.0902,0.0047,0.0,0.0,0.0022,0.0003,0.0117,0.0,0.0047,0.0,0.0,0.0001
VIPR2,0.0,0.0095,0.0154,0.0001,0.0,0.0,0.0023,0.0,0.0,0.0,0.0003,0.0,0.0048,0.0012,0.0002,0.0
VLDLR,0.0,0.0012,0.027,0.0059,0.0006,0.0,0.0,0.0033,0.0045,0.002,0.0014,0.0,0.0014,0.0,0.0,0.0
VTCN1,0.0,0.0,0.0,0.0001,0.0,0.0,0.0,0.0,0.0278,0.0179,0.425,0.0,0.0,0.0,0.0,0.0
XCR1,0.0001,0.0,0.0,0.0,0.0,0.0004,0.0,0.0,0.0,0.0,0.0,0.0027,0.0,0.002,0.0,0.0
ZNRF3,0.0001,0.0014,0.0021,0.0001,0.0,0.0,0.0,0.0044,0.0013,0.0061,0.0067,0.0001,0.0175,0.0,0.0,0.0
ALOX5,0.0391,0.0,0.0,0.0,0.0,0.0,0.0,0.0,0.0032,0.0147,0.0078,0.2167,0.0001,0.0013,0.0,0.0
MGRN1,0.0045,0.0068,0.0077,0.0034,0.0115,0.0037,0.0067,0.0084,0.0041,0.0102,0.0173,0.0131,0.0048,0.0019,0.0174,0.0047
AQP6,0.0,0.0,0.0004,0.0,0.0,0.0001,0.0,0.0,0.0013,0.0018,0.0,0.0,0.0,0.0,0.0,0.0
CNGA2,0.0,0.0,0.0,0.0,0.0,0.0,0.0,0.0,0.0,0.0,0.0,0.0,0.0,0.0,0.0,0.0
GP6,0.0001,0.0,0.0,0.0,0.0029,0.0,0.0,0.0011,0.0,0.0001,0.0004,0.0,0.0,0.0,0.0011,0.0
GRM3,0.0001,0.0,0.0005,0.0,0.0,0.0,0.0,0.0007,0.0001,0.0,0.0017,0.0,0.0,0.0,0.0,0.0
GRM4,0.0,0.0,0.0018,0.0,0.0,0.0001,0.0,0.0,0.0001,0.0015,0.0,0.0,0.0,0.0,0.0,0.0002
GRM7,0.0,0.0048,0.0024,0.0028,0.0,0.0,0.0,0.0,0.0,0.0,0.0,0.0,0.0014,0.0,0.0,0.0
KCNN4,0.0039,0.0004,0.0,0.0,0.0001,0.0024,0.0019,0.0003,0.0671,0.0865,0.0001,0.0023,0.0181,0.0004,0.009,0.0278
KCNQ1,0.0005,0.0,0.0,0.0,0.0,0.0013,0.0,0.0062,0.0,0.0005,0.0,0.0549,0.0008,0.0,0.0003,0.0001
KCNQ3,0.0,0.0011,0.0006,0.0025,0.0043,0.0,0.0001,0.0019,0.0,0.0,0.0,0.0002,0.0,0.0,0.0,0.0001
KCNQ5,0.0006,0.0004,0.0,0.0,0.0,0.0,0.001,0.0,0.0007,0.0133,0.0,0.0,0.0003,0.0001,0.0062,0.0001
MIP,0.0,0.0,0.0,0.0,0.0,0.0,0.0,0.0002,0.0001,0.0,0.0,0.0003,0.0,0.0,0.0,0.0
MYLK,0.0,0.0375,0.0001,0.3221,0.146,0.0,0.0,0.0186,0.0004,0.0074,0.0,0.0001,1.144,0.0,0.0,0.0001
MYLK2,0.0,0.0,0.0,0.0,0.0,0.0,0.0,0.0033,0.0,0.0011,0.0,0.0,0.0,0.0001,0.0,0.0002
PDE1A,0.0,0.0016,0.0005,0.092,0.1502,0.0,0.0,0.0003,0.0,0.0003,0.0,0.0,0.0,0.0,0.0,0.0
PDE1B,0.0001,0.0012,0.0055,0.0054,0.0574,0.0,0.0001,0.0001,0.0,0.0,0.0,0.0043,0.0,0.0,0.0001,0.0002
PDE1C,0.0,0.0,0.0,0.0003,0.0072,0.0,0.0,0.0001,0.0001,0.0,0.0001,0.0,0.194,0.0,0.0,0.0
PPAPDC2,0.0,0.0,0.0,0.0,0.0,0.0,0.0,0.0,0.0,0.0,0.0,0.0,0.0,0.0,0.0,0.0
SCN10A,0.0,0.0,0.0,0.0,0.0,0.0,0.0,0.0,0.0,0.0,0.0,0.0,0.0,0.0,0.0,0.0
SCN4A,0.0,0.0,0.0,0.0028,0.0053,0.0,0.0,0.0291,0.0,0.0,0.0,0.0,0.0001,0.0,0.0,0.0
TRPC3,0.0,0.0001,0.0,0.0,0.0095,0.0001,0.0006,0.0,0.0,0.0,0.0,0.0,0.0,0.0,0.001,0.0
TRPC5,0.0,0.0,0.0008,0.0,0.0,0.0,0.0001,0.0,0.0,0.0,0.0,0.0,0.0,0.0,0.0,0.0
HRH1,0.0,0.0059,0.0187,0.0,0.0,0.0,0.0,0.0658,0.0021,0.0184,0.0001,0.0074,0.0005,0.0,0.0,0.0
HRH2,0.0,0.0001,0.0,0.1395,0.0063,0.0043,0.0001,0.0,0.0001,0.0004,0.0,0.0597,0.0,0.0003,0.0012,0.0023
HRH3,0.0,0.0,0.0,0.0,0.0,0.0,0.0,0.0,0.0003,0.0,0.0,0.0,0.0,0.0005,0.0,0.0
TLR7,0.0055,0.0,0.0,0.0,0.0,0.0,0.0,0.0,0.0001,0.0004,0.0,0.1397,0.0,0.0027,0.0,0.0
DLK2,0.0,0.0,0.0001,0.0,0.0,0.0001,0.0,0.0,0.0,0.0,0.0,0.0,0.3282,0.0,0.0,0.0
ERAP1,0.0016,0.0128,0.0101,0.0013,0.0094,0.0108,0.0065,0.0024,0.0004,0.0032,0.0017,0.0156,0.0011,0.0017,0.0177,0.0034
SLC2A2,0.0,0.0,0.0,0.0,0.0,0.0,0.0,0.0,0.0,0.0005,0.0,0.0,0.0,0.0,0.0,0.0
HTR1A,0.0,0.0,0.0,0.0,0.0,0.0,0.0,0.0,0.0,0.0,0.0,0.0,0.0,0.0,0.0,0.0
HTR1B,0.0,0.0,0.0,0.0,0.0,0.0,0.0,0.0,0.0,0.0011,0.0,0.0,0.0,0.0,0.0,0.0
HTR1D,0.0,0.0013,0.0,0.0,0.0,0.0,0.0,0.0,0.0,0.0003,0.0,0.0,0.0,0.0,0.0,0.0
HTR1E,0.0,0.0,0.0,0.0,0.0,0.0,0.0,0.0,0.0,0.0,0.0,0.0,0.0,0.0,0.0,0.0
HTR1F,0.0,0.0,0.0,0.0093,0.0528,0.0,0.0,0.0,0.0,0.0,0.0023,0.0001,0.0,0.0,0.0,0.0
HTR2B,0.0,0.0046,0.0026,0.0012,0.0,0.0001,0.0,0.0006,0.0,0.0,0.0,0.0007,0.0,0.0,0.0,0.0001
HTR4,0.0,0.0,0.0,0.0,0.0,0.0,0.0001,0.0,0.0,0.0003,0.0,0.0,0.0,0.0003,0.0,0.0
HTR5A,0.0,0.0,0.0,0.0,0.0,0.0,0.0,0.0,0.0,0.0,0.0,0.0,0.0,0.0,0.0,0.0
HTR7,0.0,0.0,0.0,0.0,0.0,0.0,0.0,0.0,0.0,0.0,0.0,0.0085,0.0003,0.0,0.0,0.0
RTN4RL2,0.0,0.0016,0.0004,0.0007,0.0114,0.0,0.0,0.0005,0.0025,0.0016,0.0,0.0,0.0001,0.0,0.0002,0.0
LTK,0.0,0.0,0.0001,0.0,0.0,0.0003,0.0003,0.0,0.0,0.0,0.0,0.0,0.0,0.0048,0.0,0.0
LAMP2,0.001,0.0456,0.0425,0.0041,0.0179,0.0018,0.0027,0.0141,0.0297,0.0383,0.0734,0.0436,0.0484,0.0027,0.0054,0.004
ENO1,0.0207,0.1574,0.0284,0.0295,0.0419,0.0416,0.0487,0.0485,0.1413,0.2142,0.036,0.061,0.1586,0.0076,0.1588,0.1028
CD33,0.0,0.0,0.0,0.0,0.0013,0.0,0.0,0.0,0.0,0.0011,0.0001,0.302,0.0,0.0,0.0001,0.0
PITPNM3,0.0,0.0001,0.0003,0.0,0.0,0.0001,0.0,0.003,0.0033,0.0078,0.001,0.0,0.0,0.0,0.0,0.0001
CD200R1L,0.0,0.0,0.0,0.0,0.0,0.0,0.0,0.0,0.0,0.0,0.0,0.0001,0.0,0.0,0.0,0.0
CD2,0.0003,0.0,0.0001,0.0,0.0,0.2726,0.392,0.0001,0.0,0.0,0.0002,0.0003,0.0002,0.0004,0.3975,0.5393
CD84,0.0079,0.0,0.0,0.0,0.0,0.0233,0.0342,0.0,0.0,0.0003,0.0,0.1544,0.0,0.0003,0.0459,0.0337
PILRB,0.0068,0.0002,0.0051,0.0003,0.0058,0.0038,0.0087,0.0052,0.0044,0.0115,0.0234,0.0014,0.0059,0.002,0.0044,0.0004
NCR1,0.0,0.0,0.0,0.0,0.0,0.0,0.0375,0.0,0.0,0.0,0.0,0.0,0.0,0.0,0.0153,0.0001
KLRF1,0.0001,0.0,0.0,0.0,0.0,0.0,0.0536,0.0002,0.0001,0.0003,0.0002,0.0,0.0,0.0,0.0125,0.0
KLRB1,0.0,0.0,0.0,0.0,0.0,0.1399,0.2453,0.0,0.0,0.0,0.0,0.0,0.0,0.0001,0.0471,0.0922
PRTG,0.0,0.0016,0.0007,0.0,0.0005,0.0,0.0,0.003,0.0,0.0012,0.0124,0.0,0.0001,0.0,0.0,0.0
DSG3,0.0,0.0,0.0,0.0,0.0,0.0,0.0,0.0,0.0023,0.0021,0.0,0.0,0.0187,0.0,0.0,0.0
CRLF3,0.0125,0.0006,0.0014,0.0002,0.0015,0.0317,0.0174,0.0027,0.0011,0.0032,0.0015,0.0144,0.0012,0.0013,0.0348,0.0192
KL,0.0,0.0003,0.003,0.0,0.0,0.0,0.0,0.0287,0.0,0.0,0.0007,0.0,0.0002,0.0,0.0,0.0
DIP2A,0.0013,0.0027,0.0038,0.0004,0.0021,0.0112,0.0233,0.0104,0.0066,0.0161,0.0062,0.007,0.0025,0.0012,0.0191,0.0147
TDGF1,0.0,0.0,0.0001,0.0,0.0,0.0,0.0,0.0141,0.0,0.0,0.0,0.0,0.0,0.0,0.0,0.0
CTLA4,0.0,0.0,0.0016,0.0,0.0,0.0025,0.0207,0.0,0.0,0.0,0.0,0.0001,0.0,0.0,0.1224,0.3688
VSIR,0.0,0.0,0.0,0.0,0.0,0.0,0.0,0.0,0.0,0.0,0.0,0.0,0.0,0.0,0.0,0.0
IL17RE,0.0,0.0005,0.0017,0.0001,0.0036,0.0002,0.0002,0.0001,0.0152,0.0094,0.0015,0.0003,0.0212,0.0001,0.0003,0.0005
IL1RL1,0.0,0.0007,0.0006,0.0,0.0,0.0,0.0,0.0007,0.0001,0.0,0.0,0.0,0.0,0.0,0.0071,0.0034
CFC1,0.0,0.0,0.0,0.0,0.0,0.0,0.0,0.0,0.0,0.0,0.0,0.0,0.0,0.0,0.0,0.0
CXADR,0.0,0.0005,0.0008,0.0,0.0,0.0001,0.0,0.0,0.0671,0.0438,0.0842,0.0001,0.0164,0.0003,0.0001,0.0001
NCR2,0.0,0.0,0.0,0.0,0.0,0.0,0.0001,0.0,0.0,0.0,0.0,0.0,0.0,0.0001,0.0016,0.0
CD69,0.2847,0.0001,0.0001,0.0001,0.0001,0.2412,0.4298,0.0,0.0001,0.0,0.0,0.0062,0.0,0.0013,0.1802,0.0845
ADAM11,0.0001,0.0,0.0028,0.0056,0.0,0.0,0.0,0.0,0.0,0.0,0.0,0.0,0.0,0.0001,0.0,0.0
ADAM22,0.0,0.0014,0.0031,0.0,0.0,0.0004,0.0007,0.0009,0.0,0.0001,0.0,0.0,0.0002,0.0001,0.0056,0.0
ADAM23,0.0,0.0007,0.0009,0.0,0.0,0.0005,0.0001,0.0028,0.0,0.0066,0.0,0.0,0.0,0.0,0.0,0.0
PTRPF,0.0,0.0,0.0,0.0,0.0,0.0,0.0,0.0,0.0,0.0,0.0,0.0,0.0,0.0,0.0,0.0
CD248,0.0,0.1361,0.3233,0.0653,0.2129,0.0001,0.0,0.0006,0.0,0.0,0.0,0.0,0.0,0.0,0.0,0.0
CLEC14A,0.0,0.0003,0.0153,0.0,0.0004,0.0,0.0,1.0974,0.0,0.0,0.0,0.0,0.0001,0.0,0.0,0.0
SIGLEC9,0.0,0.0,0.0,0.0,0.0,0.0,0.0,0.0,0.0,0.0003,0.0,0.2061,0.0,0.0,0.0,0.0
RGMB,0.0009,0.0055,0.0168,0.0002,0.0095,0.0001,0.0,0.0046,0.0018,0.0442,0.0059,0.0002,0.0038,0.0002,0.0,0.0
CLEC1B,0.0,0.0,0.0,0.0,0.0,0.0,0.0,0.0,0.0,0.0,0.0,0.0,0.0,0.0,0.0,0.0
PTK7,0.0,0.1388,0.0281,0.0053,0.0009,0.0001,0.0001,0.0012,0.0059,0.0111,0.0045,0.0,0.0166,0.0002,0.0001,0.0
S1PR2,0.0004,0.0093,0.0512,0.0008,0.0002,0.0002,0.0004,0.0001,0.0005,0.0016,0.0008,0.0043,0.0011,0.0003,0.0001,0.0005
CD7,0.0004,0.0,0.0001,0.0,0.0,0.2156,0.5217,0.0001,0.0,0.0,0.0,0.0004,0.0001,0.0004,0.349,0.4122
SIGLEC5,0.0001,0.0,0.0,0.0,0.0,0.0,0.0,0.0,0.0,0.0,0.0,0.0061,0.0,0.0,0.0,0.0
PLXDC1,0.0,0.0556,0.3578,0.0252,0.1482,0.0006,0.0007,0.0005,0.0,0.0,0.0,0.0002,0.0,0.0,0.0,0.0
PLXDC2,0.0,0.1017,0.0522,0.0,0.0003,0.0,0.0001,0.0055,0.0104,0.0149,0.0003,0.1708,0.124,0.0001,0.0001,0.0
AR,0.0,0.007,0.0231,0.0087,0.002,0.0,0.0,0.0001,0.036,0.0297,0.3372,0.0,0.0002,0.0007,0.0001,0.0001
LAIR1,0.0128,0.0001,0.0001,0.0001,0.0001,0.0093,0.0049,0.0001,0.0,0.0012,0.0,0.4361,0.0,0.0024,0.0053,0.0023
APP,0.0023,0.0772,0.0523,0.0411,0.0722,0.0024,0.0006,0.2223,0.0669,0.0924,0.0834,0.0155,0.1053,0.002,0.0004,0.0005
PTRPD,0.0,0.0,0.0,0.0,0.0,0.0,0.0,0.0,0.0,0.0,0.0,0.0,0.0,0.0,0.0,0.0
PTRPS,0.0,0.0,0.0,0.0,0.0,0.0,0.0,0.0,0.0,0.0,0.0,0.0,0.0,0.0,0.0,0.0
CHRNA7,0.0,0.0,0.0007,0.0,0.0,0.0,0.0,0.0126,0.0,0.0,0.0,0.0,0.0062,0.0,0.0,0.0
CD320,0.0013,0.0068,0.0034,0.0026,0.006,0.004,0.0051,0.1666,0.0216,0.1078,0.0035,0.0044,0.0045,0.0085,0.0259,0.0189
CXCR7,0.0,0.0,0.0,0.0,0.0,0.0,0.0,0.0,0.0,0.0,0.0,0.0,0.0,0.0,0.0,0.0
VASN,0.0,0.0414,0.0406,0.0363,0.102,0.0,0.0,0.0004,0.0081,0.02,0.0009,0.0,0.046,0.0,0.0,0.0
CD163,0.0,0.0,0.0002,0.0,0.0,0.0,0.0,0.0001,0.0,0.0016,0.0,0.7857,0.0,0.0001,0.0,0.0
CRLF2,0.0,0.0,0.0,0.0,0.0,0.0,0.0,0.0,0.0,0.0,0.0,0.0006,0.0,0.0001,0.0024,0.0019
CKAP4,0.0002,0.0726,0.0265,0.0057,0.0168,0.0002,0.0001,0.01,0.0242,0.1753,0.0168,0.0035,0.0205,0.006,0.0,0.0001
ATP5F1B,0.0,0.0,0.0,0.0,0.0,0.0,0.0,0.0,0.0,0.0,0.0,0.0,0.0,0.0,0.0,0.0
PDCD1,0.0002,0.0,0.0,0.0,0.0,0.0124,0.1332,0.0,0.0,0.0,0.0001,0.0001,0.0,0.0001,0.1669,0.0867
ICOS,0.0,0.0,0.0,0.0001,0.0,0.0357,0.0615,0.0,0.0,0.0,0.0,0.0,0.0,0.0001,0.1048,0.2712
TMIGD2,0.0,0.0,0.0,0.0,0.0,0.017,0.0373,0.0,0.0,0.0,0.0,0.0,0.0,0.002,0.0593,0.001
BTLA,0.0586,0.0,0.0,0.0,0.0001,0.0082,0.0061,0.0,0.0,0.0,0.0,0.0001,0.0,0.0002,0.033,0.0393
KIR2DL2,0.0,0.0,0.0,0.0,0.0,0.0,0.0,0.0,0.0,0.0,0.0,0.0,0.0,0.0,0.0,0.0
KIR2DL5A,0.0,0.0,0.0,0.0,0.0,0.0,0.0,0.0,0.0,0.0,0.0,0.0,0.0,0.0,0.0,0.0
KIR2DL5B,0.0,0.0,0.0,0.0,0.0,0.0,0.0,0.0,0.0,0.0,0.0,0.0,0.0,0.0,0.0,0.0
KIR2DS1,0.0,0.0,0.0,0.0,0.0,0.0,0.0,0.0,0.0,0.0,0.0,0.0,0.0,0.0,0.0,0.0
KIR2DS2,0.0,0.0,0.0,0.0,0.0,0.0,0.0,0.0,0.0,0.0,0.0,0.0,0.0,0.0,0.0,0.0
KIR2DS3,0.0,0.0,0.0,0.0,0.0,0.0,0.0,0.0,0.0,0.0,0.0,0.0,0.0,0.0,0.0,0.0
KIR2DS5,0.0,0.0,0.0,0.0,0.0,0.0,0.0,0.0,0.0,0.0,0.0,0.0,0.0,0.0,0.0,0.0
KIR3DL3,0.0,0.0,0.0,0.0,0.0,0.0,0.0012,0.0,0.0,0.0,0.0,0.0,0.0,0.0,0.0016,0.0
KIR3DS1,0.0,0.0,0.0,0.0,0.0,0.0,0.0,0.0,0.0,0.0,0.0,0.0,0.0,0.0,0.0,0.0
TRAC,0.0061,0.0013,0.0001,0.0,0.0001,0.1924,0.1964,0.0001,0.0,0.0003,0.0,0.0001,0.0006,0.0003,0.1879,0.268
TRBC1,0.0001,0.0,0.0,0.0,0.0,0.1202,0.2138,0.0,0.0,0.0,0.0,0.0001,0.0,0.0002,0.2178,0.2035
TRBC2,0.0358,0.0,0.0,0.0,0.0,0.2023,0.2521,0.0,0.0,0.0,0.0,0.0001,0.0,0.0003,0.233,0.255
TRDC,0.0,0.0,0.0,0.0,0.0,0.0022,0.0976,0.0,0.0,0.0,0.0,0.0,0.0,0.0,0.1328,0.002
TRGC1,0.0,0.0,0.0,0.0,0.0,0.0004,0.0329,0.0,0.0,0.0,0.0,0.0,0.0,0.0,0.0122,0.0002
TRGC2,0.0,0.0,0.0,0.0002,0.0,0.0016,0.0725,0.0,0.0,0.0,0.0,0.0,0.0,0.0001,0.0134,0.0001
LAG3,0.0002,0.0009,0.001,0.0003,0.0003,0.0016,0.2409,0.0001,0.0,0.0001,0.0002,0.0013,0.0007,0.0002,0.2577,0.0235
CD40LG,0.0,0.0,0.0,0.0,0.0,0.4268,0.0183,0.0,0.0,0.0,0.0,0.0,0.0,0.0001,0.0099,0.0302
CD96,0.0004,0.0,0.0,0.0,0.0,0.0955,0.2474,0.0,0.0,0.0,0.0,0.0001,0.0006,0.0002,0.2452,0.1148
CD226,0.0,0.0,0.0,0.0,0.0001,0.0288,0.0312,0.0,0.0,0.0,0.0,0.0022,0.0001,0.0001,0.0227,0.0172
TIGIT,0.0003,0.0,0.0,0.0,0.0,0.0229,0.1319,0.0,0.0,0.0,0.0,0.0001,0.0,0.0001,0.2358,0.4933
PVRIG,0.0009,0.0,0.0,0.0,0.0,0.0023,0.0082,0.0,0.0,0.0,0.0,0.0,0.0,0.0,0.0069,0.0014
CD200R1,0.0003,0.0,0.0,0.0,0.0,0.0082,0.0176,0.0,0.0,0.0,0.0,0.0247,0.0,0.0001,0.021,0.0046
CD244,0.0,0.0,0.0,0.0,0.0,0.0006,0.043,0.0,0.0,0.0,0.0,0.0019,0.0,0.0,0.0289,0.0001
HAVCR2,0.0,0.0001,0.0,0.0,0.0,0.001,0.0656,0.0,0.0,0.0002,0.0,0.1662,0.0001,0.0001,0.0825,0.0208
ADORA2A,0.0002,0.0,0.0,0.0,0.0006,0.0085,0.0088,0.0003,0.0,0.0,0.0,0.0,0.0001,0.0014,0.0238,0.012
